time,process,process_on,process_status,w_dot_gen_kWe,elec_sold_kWe,price_elec,m_dot_hpt,m_dot_extract,hot_TES_inventory,cold_TES_inventory,v_dot_in_m3hr,capacity_m3day
1,RO,0,OFF,0.0,0.0,-0.03558811,33.16429200379884,11.974962219125356,8982053.261616241,70.8890476489405,0.0,0.0
1,MED,0,OFF,0.0,0.0,-0.03558811,33.16429200379884,11.974962219125356,8982053.261616241,70.8890476489405,0.0,0.0
1,ED,0,OFF,0.0,0.0,-0.03558811,33.16429200379884,11.974962219125356,8982053.261616241,70.8890476489405,0.0,0.0
1,CRY,0,OFF,0.0,0.0,-0.03558811,33.16429200379884,11.974962219125356,8982053.261616241,70.8890476489405,0.0,0.0
2,RO,0,OFF,0.0,0.0,-0.03351106,33.16432011992459,11.975124718239261,17964105.91276559,141.77905725560728,0.0,0.0
2,MED,0,OFF,0.0,0.0,-0.03351106,33.16432011992459,11.975124718239261,17964105.91276559,141.77905725560728,0.0,0.0
2,ED,0,OFF,0.0,0.0,-0.03351106,33.16432011992459,11.975124718239261,17964105.91276559,141.77905725560728,0.0,0.0
2,CRY,0,OFF,0.0,0.0,-0.03351106,33.16432011992459,11.975124718239261,17964105.91276559,141.77905725560728,0.0,0.0
3,RO,0,OFF,0.0,0.0,-0.034731000000000005,33.16432132889728,11.975131705581408,26946158.537665308,212.66910822574738,0.0,0.0
3,MED,0,OFF,0.0,0.0,-0.034731000000000005,33.16432132889728,11.975131705581408,26946158.537665308,212.66910822574738,0.0,0.0
3,ED,0,OFF,0.0,0.0,-0.034731000000000005,33.16432132889728,11.975131705581408,26946158.537665308,212.66910822574738,0.0,0.0
3,CRY,0,OFF,0.0,0.0,-0.034731000000000005,33.16432132889728,11.975131705581408,26946158.537665308,212.66910822574738,0.0,0.0
4,RO,0,OFF,0.0,0.0,-0.03399696,33.16432020829706,11.97512522899407,35928211.186895885,283.5591208559662,0.0,0.0
4,MED,0,OFF,0.0,0.0,-0.03399696,33.16432020829706,11.97512522899407,35928211.186895885,283.5591208559662,0.0,0.0
4,ED,0,OFF,0.0,0.0,-0.03399696,33.16432020829706,11.97512522899407,35928211.186895885,283.5591208559662,0.0,0.0
4,CRY,0,OFF,0.0,0.0,-0.03399696,33.16432020829706,11.97512522899407,35928211.186895885,283.5591208559662,0.0,0.0
5,RO,0,OFF,0.0,0.0,-0.03537238,33.16432234626768,11.975137585544745,44910263.78970611,354.44920663414945,0.0,0.0
5,MED,0,OFF,0.0,0.0,-0.03537238,33.16432234626768,11.975137585544745,44910263.78970611,354.44920663414945,0.0,0.0
5,ED,0,OFF,0.0,0.0,-0.03537238,33.16432234626768,11.975137585544745,44910263.78970611,354.44920663414945,0.0,0.0
5,CRY,0,OFF,0.0,0.0,-0.03537238,33.16432234626768,11.975137585544745,44910263.78970611,354.44920663414945,0.0,0.0
6,RO,0,OFF,0.0,0.0,-0.03810085,33.16432590857895,11.975158174171685,53892316.31517021,425.3394142923127,0.0,0.0
6,MED,0,OFF,0.0,0.0,-0.03810085,33.16432590857895,11.975158174171685,53892316.31517021,425.3394142923127,0.0,0.0
6,ED,0,OFF,0.0,0.0,-0.03810085,33.16432590857895,11.975158174171685,53892316.31517021,425.3394142923127,0.0,0.0
6,CRY,0,OFF,0.0,0.0,-0.03810085,33.16432590857895,11.975158174171685,53892316.31517021,425.3394142923127,0.0,0.0
7,RO,0,OFF,0.0,0.0,-0.0419155,33.16432979050317,11.975180610024008,62874368.75634867,496.22975476560924,0.0,0.0
7,MED,0,OFF,0.0,0.0,-0.0419155,33.16432979050317,11.975180610024008,62874368.75634867,496.22975476560924,0.0,0.0
7,ED,0,OFF,0.0,0.0,-0.0419155,33.16432979050317,11.975180610024008,62874368.75634867,496.22975476560924,0.0,0.0
7,CRY,0,OFF,0.0,0.0,-0.0419155,33.16432979050317,11.975180610024008,62874368.75634867,496.22975476560924,0.0,0.0
8,RO,0,OFF,0.0,0.0,-0.03931211,33.16432727806653,11.975166089220854,71856421.252078,567.12000927906,0.0,0.0
8,MED,0,OFF,0.0,0.0,-0.03931211,33.16432727806653,11.975166089220854,71856421.252078,567.12000927906,0.0,0.0
8,ED,0,OFF,0.0,0.0,-0.03931211,33.16432727806653,11.975166089220854,71856421.252078,567.12000927906,0.0,0.0
8,CRY,0,OFF,0.0,0.0,-0.03931211,33.16432727806653,11.975166089220854,71856421.252078,567.12000927906,0.0,0.0
9,RO,0,OFF,0.0,0.0,-0.029122250000000002,33.16431036102804,11.975068316014564,80838474.11511582,638.0096849974087,0.0,0.0
9,MED,0,OFF,0.0,0.0,-0.029122250000000002,33.16431036102804,11.975068316014564,80838474.11511582,638.0096849974087,0.0,0.0
9,ED,0,OFF,0.0,0.0,-0.029122250000000002,33.16431036102804,11.975068316014564,80838474.11511582,638.0096849974087,0.0,0.0
9,CRY,0,OFF,0.0,0.0,-0.029122250000000002,33.16431036102804,11.975068316014564,80838474.11511582,638.0096849974087,0.0,0.0
10,RO,0,OFF,0.0,0.0,-0.02151333,33.16427776942335,11.974879950557323,89820527.68579355,708.8982456351727,0.0,0.0
10,MED,0,OFF,0.0,0.0,-0.02151333,33.16427776942335,11.974879950557323,89820527.68579355,708.8982456351727,0.0,0.0
10,ED,0,OFF,0.0,0.0,-0.02151333,33.16427776942335,11.974879950557323,89820527.68579355,708.8982456351727,0.0,0.0
10,CRY,0,OFF,0.0,0.0,-0.02151333,33.16427776942335,11.974879950557323,89820527.68579355,708.8982456351727,0.0,0.0
11,RO,0,OFF,0.0,0.0,-0.01609377,33.16421613528072,11.974523731722217,98802582.59469289,779.784697538603,0.0,0.0
11,MED,0,OFF,0.0,0.0,-0.01609377,33.16421613528072,11.974523731722217,98802582.59469289,779.784697538603,0.0,0.0
11,ED,0,OFF,0.0,0.0,-0.01609377,33.16421613528072,11.974523731722217,98802582.59469289,779.784697538603,0.0,0.0
11,CRY,0,OFF,0.0,0.0,-0.01609377,33.16421613528072,11.974523731722217,98802582.59469289,779.784697538603,0.0,0.0
12,RO,0,OFF,0.0,0.0,-0.01400733,33.16416789473629,11.97424492212402,107784638.55100735,850.6694989527433,0.0,0.0
12,MED,0,OFF,0.0,0.0,-0.01400733,33.16416789473629,11.97424492212402,107784638.55100735,850.6694989527433,0.0,0.0
12,ED,0,OFF,0.0,0.0,-0.01400733,33.16416789473629,11.97424492212402,107784638.55100735,850.6694989527433,0.0,0.0
12,CRY,0,OFF,0.0,0.0,-0.01400733,33.16416789473629,11.97424492212402,107784638.55100735,850.6694989527433,0.0,0.0
13,RO,0,OFF,0.0,0.0,-0.01236355,33.16410817567918,11.973899771659585,116766695.8039623,921.5522571547823,0.0,0.0
13,MED,0,OFF,0.0,0.0,-0.01236355,33.16410817567918,11.973899771659585,116766695.8039623,921.5522571547823,0.0,0.0
13,ED,0,OFF,0.0,0.0,-0.01236355,33.16410817567918,11.973899771659585,116766695.8039623,921.5522571547823,0.0,0.0
13,CRY,0,OFF,0.0,0.0,-0.01236355,33.16410817567918,11.973899771659585,116766695.8039623,921.5522571547823,0.0,0.0
14,RO,0,OFF,0.0,0.0,-0.011783620000000002,33.16408007627279,11.973737369176398,125748753.66702111,992.4340539711268,0.0,0.0
14,MED,0,OFF,0.0,0.0,-0.011783620000000002,33.16408007627279,11.973737369176398,125748753.66702111,992.4340539711268,0.0,0.0
14,ED,0,OFF,0.0,0.0,-0.011783620000000002,33.16408007627279,11.973737369176398,125748753.66702111,992.4340539711268,0.0,0.0
14,CRY,0,OFF,0.0,0.0,-0.011783620000000002,33.16408007627279,11.973737369176398,125748753.66702111,992.4340539711268,0.0,0.0
15,RO,0,OFF,0.0,0.0,-0.01743758,33.164237918569285,11.974649629761016,134730808.10295427,1063.321251162259,0.0,0.0
15,MED,0,OFF,0.0,0.0,-0.01743758,33.164237918569285,11.974649629761016,134730808.10295427,1063.321251162259,0.0,0.0
15,ED,0,OFF,0.0,0.0,-0.01743758,33.164237918569285,11.974649629761016,134730808.10295427,1063.321251162259,0.0,0.0
15,CRY,0,OFF,0.0,0.0,-0.01743758,33.164237918569285,11.974649629761016,134730808.10295427,1063.321251162259,0.0,0.0
16,RO,0,OFF,0.0,0.0,-0.02986825,33.164312326923934,11.975079678047287,143712860.9233079,1134.2109941412523,0.0,0.0
16,MED,0,OFF,0.0,0.0,-0.02986825,33.164312326923934,11.975079678047287,143712860.9233079,1134.2109941412523,0.0,0.0
16,ED,0,OFF,0.0,0.0,-0.02986825,33.164312326923934,11.975079678047287,143712860.9233079,1134.2109941412523,0.0,0.0
16,CRY,0,OFF,0.0,0.0,-0.02986825,33.164312326923934,11.975079678047287,143712860.9233079,1134.2109941412523,0.0,0.0
17,RO,0,OFF,0.0,0.0,-0.04238327,33.1643300983739,11.975182389384434,152694913.35780177,1205.1013451479573,0.0,0.0
17,MED,0,OFF,0.0,0.0,-0.04238327,33.1643300983739,11.975182389384434,152694913.35780177,1205.1013451479573,0.0,0.0
17,ED,0,OFF,0.0,0.0,-0.04238327,33.1643300983739,11.975182389384434,152694913.35780177,1205.1013451479573,0.0,0.0
17,CRY,0,OFF,0.0,0.0,-0.04238327,33.1643300983739,11.975182389384434,152694913.35780177,1205.1013451479573,0.0,0.0
18,RO,0,OFF,0.0,0.0,-0.061820799999999995,33.16433982505726,11.975238605430754,161676965.58110657,1275.9920289408467,0.0,0.0
18,MED,0,OFF,0.0,0.0,-0.061820799999999995,33.16433982505726,11.975238605430754,161676965.58110657,1275.9920289408467,0.0,0.0
18,ED,0,OFF,0.0,0.0,-0.061820799999999995,33.16433982505726,11.975238605430754,161676965.58110657,1275.9920289408467,0.0,0.0
18,CRY,0,OFF,0.0,0.0,-0.061820799999999995,33.16433982505726,11.975238605430754,161676965.58110657,1275.9920289408467,0.0,0.0
19,RO,0,OFF,0.0,0.0,-0.05281594,33.16433631548056,11.975218321586937,170659017.8806125,1346.8825926580027,0.0,0.0
19,MED,0,OFF,0.0,0.0,-0.05281594,33.16433631548056,11.975218321586937,170659017.8806125,1346.8825926580027,0.0,0.0
19,ED,0,OFF,0.0,0.0,-0.05281594,33.16433631548056,11.975218321586937,170659017.8806125,1346.8825926580027,0.0,0.0
19,CRY,0,OFF,0.0,0.0,-0.05281594,33.16433631548056,11.975218321586937,170659017.8806125,1346.8825926580027,0.0,0.0
20,RO,0,OFF,0.0,0.0,-0.04986021,33.16433479392271,11.975209527636967,179641070.213155,1417.7731043169788,0.0,0.0
20,MED,0,OFF,0.0,0.0,-0.04986021,33.16433479392271,11.975209527636967,179641070.213155,1417.7731043169788,0.0,0.0
20,ED,0,OFF,0.0,0.0,-0.04986021,33.16433479392271,11.975209527636967,179641070.213155,1417.7731043169788,0.0,0.0
20,CRY,0,OFF,0.0,0.0,-0.04986021,33.16433479392271,11.975209527636967,179641070.213155,1417.7731043169788,0.0,0.0
21,RO,0,OFF,0.0,0.0,-0.04761206,33.16433341188556,11.975201540056618,188623122.57570475,1488.6635686912991,0.0,0.0
21,MED,0,OFF,0.0,0.0,-0.04761206,33.16433341188556,11.975201540056618,188623122.57570475,1488.6635686912991,0.0,0.0
21,ED,0,OFF,0.0,0.0,-0.04761206,33.16433341188556,11.975201540056618,188623122.57570475,1488.6635686912991,0.0,0.0
21,CRY,0,OFF,0.0,0.0,-0.04761206,33.16433341188556,11.975201540056618,188623122.57570475,1488.6635686912991,0.0,0.0
22,RO,0,OFF,0.0,0.0,-0.04398707,33.16433089367087,11.975186985858857,197605174.99293086,1559.5539469080852,0.0,0.0
22,MED,0,OFF,0.0,0.0,-0.04398707,33.16433089367087,11.975186985858857,197605174.99293086,1559.5539469080852,0.0,0.0
22,ED,0,OFF,0.0,0.0,-0.04398707,33.16433089367087,11.975186985858857,197605174.99293086,1559.5539469080852,0.0,0.0
22,CRY,0,OFF,0.0,0.0,-0.04398707,33.16433089367087,11.975186985858857,197605174.99293086,1559.5539469080852,0.0,0.0
23,RO,0,OFF,0.0,0.0,-0.03953902,33.16432688416746,11.975163812653657,206587227.49721265,1630.4441879447777,0.0,0.0
23,MED,0,OFF,0.0,0.0,-0.03953902,33.16432688416746,11.975163812653657,206587227.49721265,1630.4441879447777,0.0,0.0
23,ED,0,OFF,0.0,0.0,-0.03953902,33.16432688416746,11.975163812653657,206587227.49721265,1630.4441879447777,0.0,0.0
23,CRY,0,OFF,0.0,0.0,-0.03953902,33.16432688416746,11.975163812653657,206587227.49721265,1630.4441879447777,0.0,0.0
24,RO,0,OFF,0.0,0.0,-0.037316209999999995,33.164324418750184,11.975149563602184,215569280.05502445,1701.3343446303315,0.0,0.0
24,MED,0,OFF,0.0,0.0,-0.037316209999999995,33.164324418750184,11.975149563602184,215569280.05502445,1701.3343446303315,0.0,0.0
24,ED,0,OFF,0.0,0.0,-0.037316209999999995,33.164324418750184,11.975149563602184,215569280.05502445,1701.3343446303315,0.0,0.0
24,CRY,0,OFF,0.0,0.0,-0.037316209999999995,33.164324418750184,11.975149563602184,215569280.05502445,1701.3343446303315,0.0,0.0
25,RO,0,OFF,0.0,0.0,-0.03478867,33.16432108388379,11.975130289508822,224551332.685244,1772.2243872176446,0.0,0.0
25,MED,0,OFF,0.0,0.0,-0.03478867,33.16432108388379,11.975130289508822,224551332.685244,1772.2243872176446,0.0,0.0
25,ED,0,OFF,0.0,0.0,-0.03478867,33.16432108388379,11.975130289508822,224551332.685244,1772.2243872176446,0.0,0.0
25,CRY,0,OFF,0.0,0.0,-0.03478867,33.16432108388379,11.975130289508822,224551332.685244,1772.2243872176446,0.0,0.0
26,RO,0,OFF,0.0,0.0,-0.033104390000000004,33.164318410413834,11.975114838002328,233533385.37351084,1843.11433833556,0.0,0.0
26,MED,0,OFF,0.0,0.0,-0.033104390000000004,33.164318410413834,11.975114838002328,233533385.37351084,1843.11433833556,0.0,0.0
26,ED,0,OFF,0.0,0.0,-0.033104390000000004,33.164318410413834,11.975114838002328,233533385.37351084,1843.11433833556,0.0,0.0
26,CRY,0,OFF,0.0,0.0,-0.033104390000000004,33.164318410413834,11.975114838002328,233533385.37351084,1843.11433833556,0.0,0.0
27,RO,0,OFF,0.0,0.0,-0.033566490000000004,33.16431928475894,11.975119891340967,242515438.04279357,1914.0043193680885,0.0,0.0
27,MED,0,OFF,0.0,0.0,-0.033566490000000004,33.16431928475894,11.975119891340967,242515438.04279357,1914.0043193680885,0.0,0.0
27,ED,0,OFF,0.0,0.0,-0.033566490000000004,33.16431928475894,11.975119891340967,242515438.04279357,1914.0043193680885,0.0,0.0
27,CRY,0,OFF,0.0,0.0,-0.033566490000000004,33.16431928475894,11.975119891340967,242515438.04279357,1914.0043193680885,0.0,0.0
28,RO,0,OFF,0.0,0.0,-0.03332801,33.16431894806492,11.975117945394295,251497490.71938676,1984.8942888810564,0.0,0.0
28,MED,0,OFF,0.0,0.0,-0.03332801,33.16431894806492,11.975117945394295,251497490.71938676,1984.8942888810564,0.0,0.0
28,ED,0,OFF,0.0,0.0,-0.03332801,33.16431894806492,11.975117945394295,251497490.71938676,1984.8942888810564,0.0,0.0
28,CRY,0,OFF,0.0,0.0,-0.03332801,33.16431894806492,11.975117945394295,251497490.71938676,1984.8942888810564,0.0,0.0
29,RO,0,OFF,0.0,0.0,-0.03373259,33.16431966533064,11.975122090881724,260479543.3804064,2055.7842829343654,0.0,0.0
29,MED,0,OFF,0.0,0.0,-0.03373259,33.16431966533064,11.975122090881724,260479543.3804064,2055.7842829343654,0.0,0.0
29,ED,0,OFF,0.0,0.0,-0.03373259,33.16431966533064,11.975122090881724,260479543.3804064,2055.7842829343654,0.0,0.0
29,CRY,0,OFF,0.0,0.0,-0.03373259,33.16431966533064,11.975122090881724,260479543.3804064,2055.7842829343654,0.0,0.0
30,RO,0,OFF,0.0,0.0,-0.03653849,33.16432385497595,11.975146305229616,269461595.95045906,2126.674420331096,0.0,0.0
30,MED,0,OFF,0.0,0.0,-0.03653849,33.16432385497595,11.975146305229616,269461595.95045906,2126.674420331096,0.0,0.0
30,ED,0,OFF,0.0,0.0,-0.03653849,33.16432385497595,11.975146305229616,269461595.95045906,2126.674420331096,0.0,0.0
30,CRY,0,OFF,0.0,0.0,-0.03653849,33.16432385497595,11.975146305229616,269461595.95045906,2126.674420331096,0.0,0.0
31,RO,0,OFF,0.0,0.0,-0.04053761,33.16432837148315,11.975172408698654,278443648.42244774,2197.5647122544156,0.0,0.0
31,MED,0,OFF,0.0,0.0,-0.04053761,33.16432837148315,11.975172408698654,278443648.42244774,2197.5647122544156,0.0,0.0
31,ED,0,OFF,0.0,0.0,-0.04053761,33.16432837148315,11.975172408698654,278443648.42244774,2197.5647122544156,0.0,0.0
31,CRY,0,OFF,0.0,0.0,-0.04053761,33.16432837148315,11.975172408698654,278443648.42244774,2197.5647122544156,0.0,0.0
32,RO,0,OFF,0.0,0.0,-0.0361801,33.16432342787162,11.975143836750332,287425701.00177383,2268.4548350383116,0.0,0.0
32,MED,0,OFF,0.0,0.0,-0.0361801,33.16432342787162,11.975143836750332,287425701.00177383,2268.4548350383116,0.0,0.0
32,ED,0,OFF,0.0,0.0,-0.0361801,33.16432342787162,11.975143836750332,287425701.00177383,2268.4548350383116,0.0,0.0
32,CRY,0,OFF,0.0,0.0,-0.0361801,33.16432342787162,11.975143836750332,287425701.00177383,2268.4548350383116,0.0,0.0
33,RO,0,OFF,0.0,0.0,-0.02774936,33.16430631649947,11.97504494037897,296407753.95262784,2339.344372378224,0.0,0.0
33,MED,0,OFF,0.0,0.0,-0.02774936,33.16430631649947,11.97504494037897,296407753.95262784,2339.344372378224,0.0,0.0
33,ED,0,OFF,0.0,0.0,-0.02774936,33.16430631649947,11.97504494037897,296407753.95262784,2339.344372378224,0.0,0.0
33,CRY,0,OFF,0.0,0.0,-0.02774936,33.16430631649947,11.97504494037897,296407753.95262784,2339.344372378224,0.0,0.0
34,RO,0,OFF,0.0,0.0,-0.02132504,33.16427601051086,11.974869784799647,305389807.5614958,2410.232872837019,0.0,0.0
34,MED,0,OFF,0.0,0.0,-0.02132504,33.16427601051086,11.974869784799647,305389807.5614958,2410.232872837019,0.0,0.0
34,ED,0,OFF,0.0,0.0,-0.02132504,33.16427601051086,11.974869784799647,305389807.5614958,2410.232872837019,0.0,0.0
34,CRY,0,OFF,0.0,0.0,-0.02132504,33.16427601051086,11.974869784799647,305389807.5614958,2410.232872837019,0.0,0.0
35,RO,0,OFF,0.0,0.0,-0.017811769999999998,33.164241873970255,11.974672490277351,314371861.9115479,2481.1202053571988,0.0,0.0
35,MED,0,OFF,0.0,0.0,-0.017811769999999998,33.164241873970255,11.974672490277351,314371861.9115479,2481.1202053571988,0.0,0.0
35,ED,0,OFF,0.0,0.0,-0.017811769999999998,33.164241873970255,11.974672490277351,314371861.9115479,2481.1202053571988,0.0,0.0
35,CRY,0,OFF,0.0,0.0,-0.017811769999999998,33.164241873970255,11.974672490277351,314371861.9115479,2481.1202053571988,0.0,0.0
36,RO,0,OFF,0.0,0.0,-0.01527914,33.16419900938309,11.974424751399924,323353917.1922906,2552.0060713196754,0.0,0.0
36,MED,0,OFF,0.0,0.0,-0.01527914,33.16419900938309,11.974424751399924,323353917.1922906,2552.0060713196754,0.0,0.0
36,ED,0,OFF,0.0,0.0,-0.01527914,33.16419900938309,11.974424751399924,323353917.1922906,2552.0060713196754,0.0,0.0
36,CRY,0,OFF,0.0,0.0,-0.01527914,33.16419900938309,11.974424751399924,323353917.1922906,2552.0060713196754,0.0,0.0
37,RO,0,OFF,0.0,0.0,-0.01263442,33.164118169817,11.973957533477597,332335974.22824943,2622.889171458515,0.0,0.0
37,MED,0,OFF,0.0,0.0,-0.01263442,33.164118169817,11.973957533477597,332335974.22824943,2622.889171458515,0.0,0.0
37,ED,0,OFF,0.0,0.0,-0.01263442,33.164118169817,11.973957533477597,332335974.22824943,2622.889171458515,0.0,0.0
37,CRY,0,OFF,0.0,0.0,-0.01263442,33.164118169817,11.973957533477597,332335974.22824943,2622.889171458515,0.0,0.0
38,RO,0,OFF,0.0,0.0,-0.01352833,33.16415133497168,11.974149213807072,341318030.5441151,2693.7734063012276,0.0,0.0
38,MED,0,OFF,0.0,0.0,-0.01352833,33.16415133497168,11.974149213807072,341318030.5441151,2693.7734063012276,0.0,0.0
38,ED,0,OFF,0.0,0.0,-0.01352833,33.16415133497168,11.974149213807072,341318030.5441151,2693.7734063012276,0.0,0.0
38,CRY,0,OFF,0.0,0.0,-0.01352833,33.16415133497168,11.974149213807072,341318030.5441151,2693.7734063012276,0.0,0.0
39,RO,0,OFF,0.0,0.0,-0.0165308,33.164222832902176,11.974562441093545,350300085.3075934,2764.6600873553143,0.0,0.0
39,MED,0,OFF,0.0,0.0,-0.0165308,33.164222832902176,11.974562441093545,350300085.3075934,2764.6600873553143,0.0,0.0
39,ED,0,OFF,0.0,0.0,-0.0165308,33.164222832902176,11.974562441093545,350300085.3075934,2764.6600873553143,0.0,0.0
39,CRY,0,OFF,0.0,0.0,-0.0165308,33.164222832902176,11.974562441093545,350300085.3075934,2764.6600873553143,0.0,0.0
40,RO,0,OFF,0.0,0.0,-0.029445810000000003,33.164310955233304,11.97507175026537,359282138.1577297,2835.549783403645,0.0,0.0
40,MED,0,OFF,0.0,0.0,-0.029445810000000003,33.164310955233304,11.97507175026537,359282138.1577297,2835.549783403645,0.0,0.0
40,ED,0,OFF,0.0,0.0,-0.029445810000000003,33.164310955233304,11.97507175026537,359282138.1577297,2835.549783403645,0.0,0.0
40,CRY,0,OFF,0.0,0.0,-0.029445810000000003,33.164310955233304,11.97507175026537,359282138.1577297,2835.549783403645,0.0,0.0
41,RO,0,OFF,0.0,0.0,-0.04238966,33.16432996995673,11.975181647188391,368264190.5950118,2906.4401300167187,0.0,0.0
41,MED,0,OFF,0.0,0.0,-0.04238966,33.16432996995673,11.975181647188391,368264190.5950118,2906.4401300167187,0.0,0.0
41,ED,0,OFF,0.0,0.0,-0.04238966,33.16432996995673,11.975181647188391,368264190.5950118,2906.4401300167187,0.0,0.0
41,CRY,0,OFF,0.0,0.0,-0.04238966,33.16432996995673,11.975181647188391,368264190.5950118,2906.4401300167187,0.0,0.0
42,RO,0,OFF,0.0,0.0,-0.057430190000000006,33.164338299554004,11.975229788678027,377246242.8514389,2977.330761616441,0.0,0.0
42,MED,0,OFF,0.0,0.0,-0.057430190000000006,33.164338299554004,11.975229788678027,377246242.8514389,2977.330761616441,0.0,0.0
42,ED,0,OFF,0.0,0.0,-0.057430190000000006,33.164338299554004,11.975229788678027,377246242.8514389,2977.330761616441,0.0,0.0
42,CRY,0,OFF,0.0,0.0,-0.057430190000000006,33.164338299554004,11.975229788678027,377246242.8514389,2977.330761616441,0.0,0.0
43,RO,0,OFF,0.0,0.0,-0.05103967,33.164335456068,11.97521335455197,386228295.16960466,3048.2212959298818,0.0,0.0
43,MED,0,OFF,0.0,0.0,-0.05103967,33.164335456068,11.97521335455197,386228295.16960466,3048.2212959298818,0.0,0.0
43,ED,0,OFF,0.0,0.0,-0.05103967,33.164335456068,11.97521335455197,386228295.16960466,3048.2212959298818,0.0,0.0
43,CRY,0,OFF,0.0,0.0,-0.05103967,33.164335456068,11.97521335455197,386228295.16960466,3048.2212959298818,0.0,0.0
44,RO,0,OFF,0.0,0.0,-0.047070839999999996,33.164333128768554,11.975199903762112,395210347.5383016,3119.1117506177116,0.0,0.0
44,MED,0,OFF,0.0,0.0,-0.047070839999999996,33.164333128768554,11.975199903762112,395210347.5383016,3119.1117506177116,0.0,0.0
44,ED,0,OFF,0.0,0.0,-0.047070839999999996,33.164333128768554,11.975199903762112,395210347.5383016,3119.1117506177116,0.0,0.0
44,CRY,0,OFF,0.0,0.0,-0.047070839999999996,33.164333128768554,11.975199903762112,395210347.5383016,3119.1117506177116,0.0,0.0
45,RO,0,OFF,0.0,0.0,-0.04595245,33.16433238149005,11.975195584813783,404192399.9232237,3190.0021797383515,0.0,0.0
45,MED,0,OFF,0.0,0.0,-0.04595245,33.16433238149005,11.975195584813783,404192399.9232237,3190.0021797383515,0.0,0.0
45,ED,0,OFF,0.0,0.0,-0.04595245,33.16433238149005,11.975195584813783,404192399.9232237,3190.0021797383515,0.0,0.0
45,CRY,0,OFF,0.0,0.0,-0.04595245,33.16433238149005,11.975195584813783,404192399.9232237,3190.0021797383515,0.0,0.0
46,RO,0,OFF,0.0,0.0,-0.04210764,33.16432936143218,11.975178130178199,413174452.37371826,3260.8925055315262,0.0,0.0
46,MED,0,OFF,0.0,0.0,-0.04210764,33.16432936143218,11.975178130178199,413174452.37371826,3260.8925055315262,0.0,0.0
46,ED,0,OFF,0.0,0.0,-0.04210764,33.16432936143218,11.975178130178199,413174452.37371826,3260.8925055315262,0.0,0.0
46,CRY,0,OFF,0.0,0.0,-0.04210764,33.16432936143218,11.975178130178199,413174452.37371826,3260.8925055315262,0.0,0.0
47,RO,0,OFF,0.0,0.0,-0.03888187,33.1643262340369,11.975160055178655,422156504.89211595,3331.782724324822,0.0,0.0
47,MED,0,OFF,0.0,0.0,-0.03888187,33.1643262340369,11.975160055178655,422156504.89211595,3331.782724324822,0.0,0.0
47,ED,0,OFF,0.0,0.0,-0.03888187,33.1643262340369,11.975160055178655,422156504.89211595,3331.782724324822,0.0,0.0
47,CRY,0,OFF,0.0,0.0,-0.03888187,33.1643262340369,11.975160055178655,422156504.89211595,3331.782724324822,0.0,0.0
48,RO,0,OFF,0.0,0.0,-0.03626957,33.16432307973942,11.975141824695896,431138557.47900075,3402.672835197814,0.0,0.0
48,MED,0,OFF,0.0,0.0,-0.03626957,33.16432307973942,11.975141824695896,431138557.47900075,3402.672835197814,0.0,0.0
48,ED,0,OFF,0.0,0.0,-0.03626957,33.16432307973942,11.975141824695896,431138557.47900075,3402.672835197814,0.0,0.0
48,CRY,0,OFF,0.0,0.0,-0.03626957,33.16432307973942,11.975141824695896,431138557.47900075,3402.672835197814,0.0,0.0
49,RO,0,OFF,0.0,0.0,-0.03198964,33.16431624271361,11.975102309627358,440120610.2143334,3473.5627121506045,0.0,0.0
49,MED,0,OFF,0.0,0.0,-0.03198964,33.16431624271361,11.975102309627358,440120610.2143334,3473.5627121506045,0.0,0.0
49,ED,0,OFF,0.0,0.0,-0.03198964,33.16431624271361,11.975102309627358,440120610.2143334,3473.5627121506045,0.0,0.0
49,CRY,0,OFF,0.0,0.0,-0.03198964,33.16431624271361,11.975102309627358,440120610.2143334,3473.5627121506045,0.0,0.0
50,RO,0,OFF,0.0,0.0,-0.031907450000000004,33.16431614901023,11.975101768062155,449102662.95170057,3544.4525858974525,0.0,0.0
50,MED,0,OFF,0.0,0.0,-0.031907450000000004,33.16431614901023,11.975101768062155,449102662.95170057,3544.4525858974525,0.0,0.0
50,ED,0,OFF,0.0,0.0,-0.031907450000000004,33.16431614901023,11.975101768062155,449102662.95170057,3544.4525858974525,0.0,0.0
50,CRY,0,OFF,0.0,0.0,-0.031907450000000004,33.16431614901023,11.975101768062155,449102662.95170057,3544.4525858974525,0.0,0.0
51,RO,0,OFF,0.0,0.0,-0.03164433,33.16431564806916,11.975098872838238,458084715.6999444,3615.3424425052344,0.0,0.0
51,MED,0,OFF,0.0,0.0,-0.03164433,33.16431564806916,11.975098872838238,458084715.6999444,3615.3424425052344,0.0,0.0
51,ED,0,OFF,0.0,0.0,-0.03164433,33.16431564806916,11.975098872838238,458084715.6999444,3615.3424425052344,0.0,0.0
51,CRY,0,OFF,0.0,0.0,-0.03164433,33.16431564806916,11.975098872838238,458084715.6999444,3615.3424425052344,0.0,0.0
52,RO,0,OFF,0.0,0.0,-0.031672149999999996,33.164315768404286,11.975099568323472,467066768.4455754,3686.2323032301306,0.0,0.0
52,MED,0,OFF,0.0,0.0,-0.031672149999999996,33.164315768404286,11.975099568323472,467066768.4455754,3686.2323032301306,0.0,0.0
52,ED,0,OFF,0.0,0.0,-0.031672149999999996,33.164315768404286,11.975099568323472,467066768.4455754,3686.2323032301306,0.0,0.0
52,CRY,0,OFF,0.0,0.0,-0.031672149999999996,33.164315768404286,11.975099568323472,467066768.4455754,3686.2323032301306,0.0,0.0
53,RO,0,OFF,0.0,0.0,-0.03211518,33.16431663142573,11.975104556216188,476048821.17246825,3757.122193482215,0.0,0.0
53,MED,0,OFF,0.0,0.0,-0.03211518,33.16431663142573,11.975104556216188,476048821.17246825,3757.122193482215,0.0,0.0
53,ED,0,OFF,0.0,0.0,-0.03211518,33.16431663142573,11.975104556216188,476048821.17246825,3757.122193482215,0.0,0.0
53,CRY,0,OFF,0.0,0.0,-0.03211518,33.16431663142573,11.975104556216188,476048821.17246825,3757.122193482215,0.0,0.0
54,RO,0,OFF,0.0,0.0,-0.03484945,33.16432131706832,11.975131637215096,485030873.79762477,3828.012244047642,0.0,0.0
54,MED,0,OFF,0.0,0.0,-0.03484945,33.16432131706832,11.975131637215096,485030873.79762477,3828.012244047642,0.0,0.0
54,ED,0,OFF,0.0,0.0,-0.03484945,33.16432131706832,11.975131637215096,485030873.79762477,3828.012244047642,0.0,0.0
54,CRY,0,OFF,0.0,0.0,-0.03484945,33.16432131706832,11.975131637215096,485030873.79762477,3828.012244047642,0.0,0.0
55,RO,0,OFF,0.0,0.0,-0.03850751,33.16432609732381,11.975159265035781,494012926.31899077,3898.9024581634717,0.0,0.0
55,MED,0,OFF,0.0,0.0,-0.03850751,33.16432609732381,11.975159265035781,494012926.31899077,3898.9024581634717,0.0,0.0
55,ED,0,OFF,0.0,0.0,-0.03850751,33.16432609732381,11.975159265035781,494012926.31899077,3898.9024581634717,0.0,0.0
55,CRY,0,OFF,0.0,0.0,-0.03850751,33.16432609732381,11.975159265035781,494012926.31899077,3898.9024581634717,0.0,0.0
56,RO,0,OFF,0.0,0.0,-0.03437386,33.16432059543067,11.975127466459847,502994978.9598158,3969.7924840389783,0.0,0.0
56,MED,0,OFF,0.0,0.0,-0.03437386,33.16432059543067,11.975127466459847,502994978.9598158,3969.7924840389783,0.0,0.0
56,ED,0,OFF,0.0,0.0,-0.03437386,33.16432059543067,11.975127466459847,502994978.9598158,3969.7924840389783,0.0,0.0
56,CRY,0,OFF,0.0,0.0,-0.03437386,33.16432059543067,11.975127466459847,502994978.9598158,3969.7924840389783,0.0,0.0
57,RO,0,OFF,0.0,0.0,-0.027223289999999997,33.16430426333093,11.975033073947964,511977031.9552489,4040.681951132323,0.0,0.0
57,MED,0,OFF,0.0,0.0,-0.027223289999999997,33.16430426333093,11.975033073947964,511977031.9552489,4040.681951132323,0.0,0.0
57,ED,0,OFF,0.0,0.0,-0.027223289999999997,33.16430426333093,11.975033073947964,511977031.9552489,4040.681951132323,0.0,0.0
57,CRY,0,OFF,0.0,0.0,-0.027223289999999997,33.16430426333093,11.975033073947964,511977031.9552489,4040.681951132323,0.0,0.0
58,RO,0,OFF,0.0,0.0,-0.02111666,33.16427391062665,11.97485764837208,520959085.6097102,4111.570379746232,0.0,0.0
58,MED,0,OFF,0.0,0.0,-0.02111666,33.16427391062665,11.97485764837208,520959085.6097102,4111.570379746232,0.0,0.0
58,ED,0,OFF,0.0,0.0,-0.02111666,33.16427391062665,11.97485764837208,520959085.6097102,4111.570379746232,0.0,0.0
58,CRY,0,OFF,0.0,0.0,-0.02111666,33.16427391062665,11.97485764837208,520959085.6097102,4111.570379746232,0.0,0.0
59,RO,0,OFF,0.0,0.0,-0.01680249,33.16422635046535,11.974582771095774,529941140.29681396,4182.457181149301,0.0,0.0
59,MED,0,OFF,0.0,0.0,-0.01680249,33.16422635046535,11.974582771095774,529941140.29681396,4182.457181149301,0.0,0.0
59,ED,0,OFF,0.0,0.0,-0.01680249,33.16422635046535,11.974582771095774,529941140.29681396,4182.457181149301,0.0,0.0
59,CRY,0,OFF,0.0,0.0,-0.01680249,33.16422635046535,11.974582771095774,529941140.29681396,4182.457181149301,0.0,0.0
60,RO,0,OFF,0.0,0.0,-0.01547888,33.16420193430782,11.974441656206805,538923195.5140496,4253.343147184382,0.0,0.0
60,MED,0,OFF,0.0,0.0,-0.01547888,33.16420193430782,11.974441656206805,538923195.5140496,4253.343147184382,0.0,0.0
60,ED,0,OFF,0.0,0.0,-0.01547888,33.16420193430782,11.974441656206805,538923195.5140496,4253.343147184382,0.0,0.0
60,CRY,0,OFF,0.0,0.0,-0.01547888,33.16420193430782,11.974441656206805,538923195.5140496,4253.343147184382,0.0,0.0
61,RO,0,OFF,0.0,0.0,-0.01520729,33.16419607561544,11.974407795484776,547905250.8584913,4324.228912771705,0.0,0.0
61,MED,0,OFF,0.0,0.0,-0.01520729,33.16419607561544,11.974407795484776,547905250.8584913,4324.228912771705,0.0,0.0
61,ED,0,OFF,0.0,0.0,-0.01520729,33.16419607561544,11.974407795484776,547905250.8584913,4324.228912771705,0.0,0.0
61,CRY,0,OFF,0.0,0.0,-0.01520729,33.16419607561544,11.974407795484776,547905250.8584913,4324.228912771705,0.0,0.0
62,RO,0,OFF,0.0,0.0,-0.014533250000000001,33.16417978125668,11.97431362109941,556887306.5567216,4395.114120868126,0.0,0.0
62,MED,0,OFF,0.0,0.0,-0.014533250000000001,33.16417978125668,11.97431362109941,556887306.5567216,4395.114120868126,0.0,0.0
62,ED,0,OFF,0.0,0.0,-0.014533250000000001,33.16417978125668,11.97431362109941,556887306.5567216,4395.114120868126,0.0,0.0
62,CRY,0,OFF,0.0,0.0,-0.014533250000000001,33.16417978125668,11.97431362109941,556887306.5567216,4395.114120868126,0.0,0.0
63,RO,0,OFF,0.0,0.0,-0.018497879999999998,33.164249614141546,11.974717225138315,565869360.7387165,4466.0017182084885,0.0,0.0
63,MED,0,OFF,0.0,0.0,-0.018497879999999998,33.164249614141546,11.974717225138315,565869360.7387165,4466.0017182084885,0.0,0.0
63,ED,0,OFF,0.0,0.0,-0.018497879999999998,33.164249614141546,11.974717225138315,565869360.7387165,4466.0017182084885,0.0,0.0
63,CRY,0,OFF,0.0,0.0,-0.018497879999999998,33.164249614141546,11.974717225138315,565869360.7387165,4466.0017182084885,0.0,0.0
64,RO,0,OFF,0.0,0.0,-0.03093328,33.16431426488218,11.975090878612361,574851413.5169924,4536.891527492275,0.0,0.0
64,MED,0,OFF,0.0,0.0,-0.03093328,33.16431426488218,11.975090878612361,574851413.5169924,4536.891527492275,0.0,0.0
64,ED,0,OFF,0.0,0.0,-0.03093328,33.16431426488218,11.975090878612361,574851413.5169924,4536.891527492275,0.0,0.0
64,CRY,0,OFF,0.0,0.0,-0.03093328,33.16431426488218,11.975090878612361,574851413.5169924,4536.891527492275,0.0,0.0
65,RO,0,OFF,0.0,0.0,-0.04234434,33.16432988344841,11.975181147207513,583833465.9561528,4607.781871145576,0.0,0.0
65,MED,0,OFF,0.0,0.0,-0.04234434,33.16432988344841,11.975181147207513,583833465.9561528,4607.781871145576,0.0,0.0
65,ED,0,OFF,0.0,0.0,-0.04234434,33.16432988344841,11.975181147207513,583833465.9561528,4607.781871145576,0.0,0.0
65,CRY,0,OFF,0.0,0.0,-0.04234434,33.16432988344841,11.975181147207513,583833465.9561528,4607.781871145576,0.0,0.0
66,RO,0,OFF,0.0,0.0,-0.06283533,33.16434005007458,11.97523990593403,592815518.1745721,4678.672562637148,0.0,0.0
66,MED,0,OFF,0.0,0.0,-0.06283533,33.16434005007458,11.97523990593403,592815518.1745721,4678.672562637148,0.0,0.0
66,ED,0,OFF,0.0,0.0,-0.06283533,33.16434005007458,11.97523990593403,592815518.1745721,4678.672562637148,0.0,0.0
66,CRY,0,OFF,0.0,0.0,-0.06283533,33.16434005007458,11.97523990593403,592815518.1745721,4678.672562637148,0.0,0.0
67,RO,0,OFF,0.0,0.0,-0.05501805,33.16433731554221,11.975224101513117,601797570.4523643,4749.56316057015,0.0,0.0
67,MED,0,OFF,0.0,0.0,-0.05501805,33.16433731554221,11.975224101513117,601797570.4523643,4749.56316057015,0.0,0.0
67,ED,0,OFF,0.0,0.0,-0.05501805,33.16433731554221,11.975224101513117,601797570.4523643,4749.56316057015,0.0,0.0
67,CRY,0,OFF,0.0,0.0,-0.05501805,33.16433731554221,11.975224101513117,601797570.4523643,4749.56316057015,0.0,0.0
68,RO,0,OFF,0.0,0.0,-0.048473050000000004,33.16433405004977,11.97520522837132,610779622.801058,4820.453646778453,0.0,0.0
68,MED,0,OFF,0.0,0.0,-0.048473050000000004,33.16433405004977,11.97520522837132,610779622.801058,4820.453646778453,0.0,0.0
68,ED,0,OFF,0.0,0.0,-0.048473050000000004,33.16433405004977,11.97520522837132,610779622.801058,4820.453646778453,0.0,0.0
68,CRY,0,OFF,0.0,0.0,-0.048473050000000004,33.16433405004977,11.97520522837132,610779622.801058,4820.453646778453,0.0,0.0
69,RO,0,OFF,0.0,0.0,-0.04551212,33.164332044258565,11.975193635760837,619761675.1933022,4891.344064361144,0.0,0.0
69,MED,0,OFF,0.0,0.0,-0.04551212,33.164332044258565,11.975193635760837,619761675.1933022,4891.344064361144,0.0,0.0
69,ED,0,OFF,0.0,0.0,-0.04551212,33.164332044258565,11.975193635760837,619761675.1933022,4891.344064361144,0.0,0.0
69,CRY,0,OFF,0.0,0.0,-0.04551212,33.164332044258565,11.975193635760837,619761675.1933022,4891.344064361144,0.0,0.0
70,RO,0,OFF,0.0,0.0,-0.041111060000000005,33.164328449518,11.97517285970651,628743727.6635966,4962.234358954327,0.0,0.0
70,MED,0,OFF,0.0,0.0,-0.041111060000000005,33.164328449518,11.97517285970651,628743727.6635966,4962.234358954327,0.0,0.0
70,ED,0,OFF,0.0,0.0,-0.041111060000000005,33.164328449518,11.97517285970651,628743727.6635966,4962.234358954327,0.0,0.0
70,CRY,0,OFF,0.0,0.0,-0.041111060000000005,33.164328449518,11.97517285970651,628743727.6635966,4962.234358954327,0.0,0.0
71,RO,0,OFF,0.0,0.0,-0.03869162,33.16432593916664,11.975158350955363,637725780.1883966,5033.12456765901,0.0,0.0
71,MED,0,OFF,0.0,0.0,-0.03869162,33.16432593916664,11.975158350955363,637725780.1883966,5033.12456765901,0.0,0.0
71,ED,0,OFF,0.0,0.0,-0.03869162,33.16432593916664,11.975158350955363,637725780.1883966,5033.12456765901,0.0,0.0
71,CRY,0,OFF,0.0,0.0,-0.03869162,33.16432593916664,11.975158350955363,637725780.1883966,5033.12456765901,0.0,0.0
72,RO,0,OFF,0.0,0.0,-0.03563727,33.16432217169711,11.975136576601928,646707832.7949972,5104.014647464482,0.0,0.0
72,MED,0,OFF,0.0,0.0,-0.03563727,33.16432217169711,11.975136576601928,646707832.7949972,5104.014647464482,0.0,0.0
72,ED,0,OFF,0.0,0.0,-0.03563727,33.16432217169711,11.975136576601928,646707832.7949972,5104.014647464482,0.0,0.0
72,CRY,0,OFF,0.0,0.0,-0.03563727,33.16432217169711,11.975136576601928,646707832.7949972,5104.014647464482,0.0,0.0
73,RO,0,OFF,0.0,0.0,-0.03190959,33.1643160063854,11.975100943751958,655689885.5354611,5174.9045163316005,0.0,0.0
73,MED,0,OFF,0.0,0.0,-0.03190959,33.1643160063854,11.975100943751958,655689885.5354611,5174.9045163316005,0.0,0.0
73,ED,0,OFF,0.0,0.0,-0.03190959,33.1643160063854,11.975100943751958,655689885.5354611,5174.9045163316005,0.0,0.0
73,CRY,0,OFF,0.0,0.0,-0.03190959,33.1643160063854,11.975100943751958,655689885.5354611,5174.9045163316005,0.0,0.0
74,RO,0,OFF,0.0,0.0,-0.03152101,33.164315365251554,11.97509723827409,664671938.2898455,5245.794363263135,0.0,0.0
74,MED,0,OFF,0.0,0.0,-0.03152101,33.164315365251554,11.97509723827409,664671938.2898455,5245.794363263135,0.0,0.0
74,ED,0,OFF,0.0,0.0,-0.03152101,33.164315365251554,11.97509723827409,664671938.2898455,5245.794363263135,0.0,0.0
74,CRY,0,OFF,0.0,0.0,-0.03152101,33.164315365251554,11.97509723827409,664671938.2898455,5245.794363263135,0.0,0.0
75,RO,0,OFF,0.0,0.0,-0.031034970000000002,33.16431443280563,11.975091849137709,673653991.0644755,5316.68417829221,0.0,0.0
75,MED,0,OFF,0.0,0.0,-0.031034970000000002,33.16431443280563,11.975091849137709,673653991.0644755,5316.68417829221,0.0,0.0
75,ED,0,OFF,0.0,0.0,-0.031034970000000002,33.16431443280563,11.975091849137709,673653991.0644755,5316.68417829221,0.0,0.0
75,CRY,0,OFF,0.0,0.0,-0.031034970000000002,33.16431443280563,11.975091849137709,673653991.0644755,5316.68417829221,0.0,0.0
76,RO,0,OFF,0.0,0.0,-0.03119699,33.16431483625702,11.975094180913212,682636043.8303456,5387.574007124866,0.0,0.0
76,MED,0,OFF,0.0,0.0,-0.03119699,33.16431483625702,11.975094180913212,682636043.8303456,5387.574007124866,0.0,0.0
76,ED,0,OFF,0.0,0.0,-0.03119699,33.16431483625702,11.975094180913212,682636043.8303456,5387.574007124866,0.0,0.0
76,CRY,0,OFF,0.0,0.0,-0.03119699,33.16431483625702,11.975094180913212,682636043.8303456,5387.574007124866,0.0,0.0
77,RO,0,OFF,0.0,0.0,-0.03266157,33.164317782411075,11.975111208416527,691618096.5322479,5458.46393675646,0.0,0.0
77,MED,0,OFF,0.0,0.0,-0.03266157,33.164317782411075,11.975111208416527,691618096.5322479,5458.46393675646,0.0,0.0
77,ED,0,OFF,0.0,0.0,-0.03266157,33.164317782411075,11.975111208416527,691618096.5322479,5458.46393675646,0.0,0.0
77,CRY,0,OFF,0.0,0.0,-0.03266157,33.164317782411075,11.975111208416527,691618096.5322479,5458.46393675646,0.0,0.0
78,RO,0,OFF,0.0,0.0,-0.038773510000000004,33.16432655109901,11.975161887661308,700600149.0437614,5529.354166397635,0.0,0.0
78,MED,0,OFF,0.0,0.0,-0.038773510000000004,33.16432655109901,11.975161887661308,700600149.0437614,5529.354166397635,0.0,0.0
78,ED,0,OFF,0.0,0.0,-0.038773510000000004,33.16432655109901,11.975161887661308,700600149.0437614,5529.354166397635,0.0,0.0
78,CRY,0,OFF,0.0,0.0,-0.038773510000000004,33.16432655109901,11.975161887661308,700600149.0437614,5529.354166397635,0.0,0.0
79,RO,0,OFF,0.0,0.0,-0.04961163,33.164334884299485,11.975210049975859,709582201.3743416,5600.244681148738,0.0,0.0
79,MED,0,OFF,0.0,0.0,-0.04961163,33.164334884299485,11.975210049975859,709582201.3743416,5600.244681148738,0.0,0.0
79,ED,0,OFF,0.0,0.0,-0.04961163,33.164334884299485,11.975210049975859,709582201.3743416,5600.244681148738,0.0,0.0
79,CRY,0,OFF,0.0,0.0,-0.04961163,33.164334884299485,11.975210049975859,709582201.3743416,5600.244681148738,0.0,0.0
80,RO,0,OFF,0.0,0.0,-0.056564210000000004,33.164338078261665,11.975228509703499,718564253.6355734,5671.135305177222,0.0,0.0
80,MED,0,OFF,0.0,0.0,-0.056564210000000004,33.164338078261665,11.975228509703499,718564253.6355734,5671.135305177222,0.0,0.0
80,ED,0,OFF,0.0,0.0,-0.056564210000000004,33.164338078261665,11.975228509703499,718564253.6355734,5671.135305177222,0.0,0.0
80,CRY,0,OFF,0.0,0.0,-0.056564210000000004,33.164338078261665,11.975228509703499,718564253.6355734,5671.135305177222,0.0,0.0
81,RO,0,OFF,0.0,0.0,-0.037485790000000005,33.16432502819937,11.97515308595637,727546306.1801527,5742.025482714311,0.0,0.0
81,MED,0,OFF,0.0,0.0,-0.037485790000000005,33.16432502819937,11.97515308595637,727546306.1801527,5742.025482714311,0.0,0.0
81,ED,0,OFF,0.0,0.0,-0.037485790000000005,33.16432502819937,11.97515308595637,727546306.1801527,5742.025482714311,0.0,0.0
81,CRY,0,OFF,0.0,0.0,-0.037485790000000005,33.16432502819937,11.97515308595637,727546306.1801527,5742.025482714311,0.0,0.0
82,RO,0,OFF,0.0,0.0,-0.03087011,33.16431427438691,11.97509093354563,736528358.9582224,5812.91529232329,0.0,0.0
82,MED,0,OFF,0.0,0.0,-0.03087011,33.16431427438691,11.97509093354563,736528358.9582224,5812.91529232329,0.0,0.0
82,ED,0,OFF,0.0,0.0,-0.03087011,33.16431427438691,11.97509093354563,736528358.9582224,5812.91529232329,0.0,0.0
82,CRY,0,OFF,0.0,0.0,-0.03087011,33.16431427438691,11.97509093354563,736528358.9582224,5812.91529232329,0.0,0.0
83,RO,0,OFF,0.0,0.0,-0.03079489,33.16431415990027,11.975090271862141,745510411.7387778,5883.805098015253,0.0,0.0
83,MED,0,OFF,0.0,0.0,-0.03079489,33.16431415990027,11.975090271862141,745510411.7387778,5883.805098015253,0.0,0.0
83,ED,0,OFF,0.0,0.0,-0.03079489,33.16431415990027,11.975090271862141,745510411.7387778,5883.805098015253,0.0,0.0
83,CRY,0,OFF,0.0,0.0,-0.03079489,33.16431415990027,11.975090271862141,745510411.7387778,5883.805098015253,0.0,0.0
84,RO,0,OFF,0.0,0.0,-0.028978709999999998,33.164309716630015,11.97506459167113,754492464.615807,5954.694751686337,0.0,0.0
84,MED,0,OFF,0.0,0.0,-0.028978709999999998,33.164309716630015,11.97506459167113,754492464.615807,5954.694751686337,0.0,0.0
84,ED,0,OFF,0.0,0.0,-0.028978709999999998,33.164309716630015,11.97506459167113,754492464.615807,5954.694751686337,0.0,0.0
84,CRY,0,OFF,0.0,0.0,-0.028978709999999998,33.164309716630015,11.97506459167113,754492464.615807,5954.694751686337,0.0,0.0
85,RO,0,OFF,0.0,0.0,-0.02625905,33.16430122278697,11.975015500911558,763474517.6772575,6025.584114751311,0.0,0.0
85,MED,0,OFF,0.0,0.0,-0.02625905,33.16430122278697,11.975015500911558,763474517.6772575,6025.584114751311,0.0,0.0
85,ED,0,OFF,0.0,0.0,-0.02625905,33.16430122278697,11.975015500911558,763474517.6772575,6025.584114751311,0.0,0.0
85,CRY,0,OFF,0.0,0.0,-0.02625905,33.16430122278697,11.975015500911558,763474517.6772575,6025.584114751311,0.0,0.0
86,RO,0,OFF,0.0,0.0,-0.02567083,33.16429898956819,11.975002593867535,772456570.7871963,6096.473401409526,0.0,0.0
86,MED,0,OFF,0.0,0.0,-0.02567083,33.16429898956819,11.975002593867535,772456570.7871963,6096.473401409526,0.0,0.0
86,ED,0,OFF,0.0,0.0,-0.02567083,33.16429898956819,11.975002593867535,772456570.7871963,6096.473401409526,0.0,0.0
86,CRY,0,OFF,0.0,0.0,-0.02567083,33.16429898956819,11.975002593867535,772456570.7871963,6096.473401409526,0.0,0.0
87,RO,0,OFF,0.0,0.0,-0.02805422,33.16430710621101,11.975049504572025,781438623.7209038,6167.362965768422,0.0,0.0
87,MED,0,OFF,0.0,0.0,-0.02805422,33.16430710621101,11.975049504572025,781438623.7209038,6167.362965768422,0.0,0.0
87,ED,0,OFF,0.0,0.0,-0.02805422,33.16430710621101,11.975049504572025,781438623.7209038,6167.362965768422,0.0,0.0
87,CRY,0,OFF,0.0,0.0,-0.02805422,33.16430710621101,11.975049504572025,781438623.7209038,6167.362965768422,0.0,0.0
88,RO,0,OFF,0.0,0.0,-0.03268697,33.16431792017211,11.975112004616044,790420676.419815,6238.252900113337,0.0,0.0
88,MED,0,OFF,0.0,0.0,-0.03268697,33.16431792017211,11.975112004616044,790420676.419815,6238.252900113337,0.0,0.0
88,ED,0,OFF,0.0,0.0,-0.03268697,33.16431792017211,11.975112004616044,790420676.419815,6238.252900113337,0.0,0.0
88,CRY,0,OFF,0.0,0.0,-0.03268697,33.16431792017211,11.975112004616044,790420676.419815,6238.252900113337,0.0,0.0
89,RO,0,OFF,0.0,0.0,-0.04155107,33.164329215002034,11.975177283875,799402728.8734889,6309.143220896589,0.0,0.0
89,MED,0,OFF,0.0,0.0,-0.04155107,33.164329215002034,11.975177283875,799402728.8734889,6309.143220896589,0.0,0.0
89,ED,0,OFF,0.0,0.0,-0.04155107,33.164329215002034,11.975177283875,799402728.8734889,6309.143220896589,0.0,0.0
89,CRY,0,OFF,0.0,0.0,-0.04155107,33.164329215002034,11.975177283875,799402728.8734889,6309.143220896589,0.0,0.0
90,RO,0,OFF,0.0,0.0,-0.06484751,33.16434063629516,11.975243294036876,808384781.0791798,6380.033932444958,0.0,0.0
90,MED,0,OFF,0.0,0.0,-0.06484751,33.16434063629516,11.975243294036876,808384781.0791798,6380.033932444958,0.0,0.0
90,ED,0,OFF,0.0,0.0,-0.06484751,33.16434063629516,11.975243294036876,808384781.0791798,6380.033932444958,0.0,0.0
90,CRY,0,OFF,0.0,0.0,-0.06484751,33.16434063629516,11.975243294036876,808384781.0791798,6380.033932444958,0.0,0.0
91,RO,0,OFF,0.0,0.0,-0.06698708,33.16434108312421,11.975245876516572,817366833.275169,6450.924659281019,0.0,0.0
91,MED,0,OFF,0.0,0.0,-0.06698708,33.16434108312421,11.975245876516572,817366833.275169,6450.924659281019,0.0,0.0
91,ED,0,OFF,0.0,0.0,-0.06698708,33.16434108312421,11.975245876516572,817366833.275169,6450.924659281019,0.0,0.0
91,CRY,0,OFF,0.0,0.0,-0.06698708,33.16434108312421,11.975245876516572,817366833.275169,6450.924659281019,0.0,0.0
92,RO,0,OFF,0.0,0.0,-0.05225052,33.164336010010715,11.975216556102566,826348885.5813074,6521.81521254691,0.0,0.0
92,MED,0,OFF,0.0,0.0,-0.05225052,33.164336010010715,11.975216556102566,826348885.5813074,6521.81521254691,0.0,0.0
92,ED,0,OFF,0.0,0.0,-0.05225052,33.164336010010715,11.975216556102566,826348885.5813074,6521.81521254691,0.0,0.0
92,CRY,0,OFF,0.0,0.0,-0.05225052,33.164336010010715,11.975216556102566,826348885.5813074,6521.81521254691,0.0,0.0
93,RO,0,OFF,0.0,0.0,-0.0479794,33.16433369446642,11.975203173252487,835330937.9377217,6592.705686589377,0.0,0.0
93,MED,0,OFF,0.0,0.0,-0.0479794,33.16433369446642,11.975203173252487,835330937.9377217,6592.705686589377,0.0,0.0
93,ED,0,OFF,0.0,0.0,-0.0479794,33.16433369446642,11.975203173252487,835330937.9377217,6592.705686589377,0.0,0.0
93,CRY,0,OFF,0.0,0.0,-0.0479794,33.16433369446642,11.975203173252487,835330937.9377217,6592.705686589377,0.0,0.0
94,RO,0,OFF,0.0,0.0,-0.04053864,33.164327989368935,11.975170200242799,844312990.4180069,6663.595965439141,0.0,0.0
94,MED,0,OFF,0.0,0.0,-0.04053864,33.164327989368935,11.975170200242799,844312990.4180069,6663.595965439141,0.0,0.0
94,ED,0,OFF,0.0,0.0,-0.04053864,33.164327989368935,11.975170200242799,844312990.4180069,6663.595965439141,0.0,0.0
94,CRY,0,OFF,0.0,0.0,-0.04053864,33.164327989368935,11.975170200242799,844312990.4180069,6663.595965439141,0.0,0.0
95,RO,0,OFF,0.0,0.0,-0.03507012,33.16432133882146,11.975131762938911,853295043.0426911,6734.486016748824,0.0,0.0
95,MED,0,OFF,0.0,0.0,-0.03507012,33.16432133882146,11.975131762938911,853295043.0426911,6734.486016748824,0.0,0.0
95,ED,0,OFF,0.0,0.0,-0.03507012,33.16432133882146,11.975131762938911,853295043.0426911,6734.486016748824,0.0,0.0
95,CRY,0,OFF,0.0,0.0,-0.03507012,33.16432133882146,11.975131762938911,853295043.0426911,6734.486016748824,0.0,0.0
96,RO,0,OFF,0.0,0.0,-0.03291705,33.16431783372989,11.975111505017152,862277095.7434791,6805.375948136227,0.0,0.0
96,MED,0,OFF,0.0,0.0,-0.03291705,33.16431783372989,11.975111505017152,862277095.7434791,6805.375948136227,0.0,0.0
96,ED,0,OFF,0.0,0.0,-0.03291705,33.16431783372989,11.975111505017152,862277095.7434791,6805.375948136227,0.0,0.0
96,CRY,0,OFF,0.0,0.0,-0.03291705,33.16431783372989,11.975111505017152,862277095.7434791,6805.375948136227,0.0,0.0
97,RO,0,OFF,0.0,0.0,-0.0292426,33.16430986841285,11.975065468910666,871259148.6172128,6876.2656070003695,0.0,0.0
97,MED,0,OFF,0.0,0.0,-0.0292426,33.16430986841285,11.975065468910666,871259148.6172128,6876.2656070003695,0.0,0.0
97,ED,0,OFF,0.0,0.0,-0.0292426,33.16430986841285,11.975065468910666,871259148.6172128,6876.2656070003695,0.0,0.0
97,CRY,0,OFF,0.0,0.0,-0.0292426,33.16430986841285,11.975065468910666,871259148.6172128,6876.2656070003695,0.0,0.0
98,RO,0,OFF,0.0,0.0,-0.02830527,33.164307442065144,11.97505144566447,880241201.5436282,6947.15518285009,0.0,0.0
98,MED,0,OFF,0.0,0.0,-0.02830527,33.164307442065144,11.97505144566447,880241201.5436282,6947.15518285009,0.0,0.0
98,ED,0,OFF,0.0,0.0,-0.02830527,33.164307442065144,11.97505144566447,880241201.5436282,6947.15518285009,0.0,0.0
98,CRY,0,OFF,0.0,0.0,-0.02830527,33.164307442065144,11.97505144566447,880241201.5436282,6947.15518285009,0.0,0.0
99,RO,0,OFF,0.0,0.0,-0.02722351,33.1643041362305,11.975032339362103,889223254.541821,7018.044645594853,0.0,0.0
99,MED,0,OFF,0.0,0.0,-0.02722351,33.1643041362305,11.975032339362103,889223254.541821,7018.044645594853,0.0,0.0
99,ED,0,OFF,0.0,0.0,-0.02722351,33.1643041362305,11.975032339362103,889223254.541821,7018.044645594853,0.0,0.0
99,CRY,0,OFF,0.0,0.0,-0.02722351,33.1643041362305,11.975032339362103,889223254.541821,7018.044645594853,0.0,0.0
100,RO,0,OFF,0.0,0.0,-0.027413609999999998,33.164304828376025,11.975036339665563,898205307.5249857,7088.934132020502,0.0,0.0
100,MED,0,OFF,0.0,0.0,-0.027413609999999998,33.164304828376025,11.975036339665563,898205307.5249857,7088.934132020502,0.0,0.0
100,ED,0,OFF,0.0,0.0,-0.027413609999999998,33.164304828376025,11.975036339665563,898205307.5249857,7088.934132020502,0.0,0.0
100,CRY,0,OFF,0.0,0.0,-0.027413609999999998,33.164304828376025,11.975036339665563,898205307.5249857,7088.934132020502,0.0,0.0
101,RO,0,OFF,0.0,0.0,-0.028411290000000002,33.16430792800289,11.975054254175655,907187360.4408501,7159.823724495969,0.0,0.0
101,MED,0,OFF,0.0,0.0,-0.028411290000000002,33.16430792800289,11.975054254175655,907187360.4408501,7159.823724495969,0.0,0.0
101,ED,0,OFF,0.0,0.0,-0.028411290000000002,33.16430792800289,11.975054254175655,907187360.4408501,7159.823724495969,0.0,0.0
101,CRY,0,OFF,0.0,0.0,-0.028411290000000002,33.16430792800289,11.975054254175655,907187360.4408501,7159.823724495969,0.0,0.0
102,RO,0,OFF,0.0,0.0,-0.03214346,33.16431678520008,11.975105444965802,916169413.1644043,7230.713620009249,0.0,0.0
102,MED,0,OFF,0.0,0.0,-0.03214346,33.16431678520008,11.975105444965802,916169413.1644043,7230.713620009249,0.0,0.0
102,ED,0,OFF,0.0,0.0,-0.03214346,33.16431678520008,11.975105444965802,916169413.1644043,7230.713620009249,0.0,0.0
102,CRY,0,OFF,0.0,0.0,-0.03214346,33.16431678520008,11.975105444965802,916169413.1644043,7230.713620009249,0.0,0.0
103,RO,0,OFF,0.0,0.0,-0.04251536,33.16433012318217,11.975182532765535,925151465.5983595,7301.603971864738,0.0,0.0
103,MED,0,OFF,0.0,0.0,-0.04251536,33.16433012318217,11.975182532765535,925151465.5983595,7301.603971864738,0.0,0.0
103,ED,0,OFF,0.0,0.0,-0.04251536,33.16433012318217,11.975182532765535,925151465.5983595,7301.603971864738,0.0,0.0
103,CRY,0,OFF,0.0,0.0,-0.04251536,33.16433012318217,11.975182532765535,925151465.5983595,7301.603971864738,0.0,0.0
104,RO,0,OFF,0.0,0.0,-0.05331511,33.16433675206893,11.97522084487989,934133517.888386,7372.494550519214,0.0,0.0
104,MED,0,OFF,0.0,0.0,-0.05331511,33.16433675206893,11.97522084487989,934133517.888386,7372.494550519214,0.0,0.0
104,ED,0,OFF,0.0,0.0,-0.05331511,33.16433675206893,11.97522084487989,934133517.888386,7372.494550519214,0.0,0.0
104,CRY,0,OFF,0.0,0.0,-0.05331511,33.16433675206893,11.97522084487989,934133517.888386,7372.494550519214,0.0,0.0
105,RO,0,OFF,0.0,0.0,-0.03369378,33.164319701553794,11.975122300235995,943115570.5486192,7443.384545811852,0.0,0.0
105,MED,0,OFF,0.0,0.0,-0.03369378,33.164319701553794,11.975122300235995,943115570.5486192,7443.384545811852,0.0,0.0
105,ED,0,OFF,0.0,0.0,-0.03369378,33.164319701553794,11.975122300235995,943115570.5486192,7443.384545811852,0.0,0.0
105,CRY,0,OFF,0.0,0.0,-0.03369378,33.164319701553794,11.975122300235995,943115570.5486192,7443.384545811852,0.0,0.0
106,RO,0,OFF,0.0,0.0,-0.02759901,33.16430575333072,11.975041685505893,952097623.511701,7514.274063883658,0.0,0.0
106,MED,0,OFF,0.0,0.0,-0.02759901,33.16430575333072,11.975041685505893,952097623.511701,7514.274063883658,0.0,0.0
106,ED,0,OFF,0.0,0.0,-0.02759901,33.16430575333072,11.975041685505893,952097623.511701,7514.274063883658,0.0,0.0
106,CRY,0,OFF,0.0,0.0,-0.02759901,33.16430575333072,11.975041685505893,952097623.511701,7514.274063883658,0.0,0.0
107,RO,0,OFF,0.0,0.0,-0.02442669,33.16429380351908,11.97497262073426,961079676.7342411,7585.163173107752,0.0,0.0
107,MED,0,OFF,0.0,0.0,-0.02442669,33.16429380351908,11.97497262073426,961079676.7342411,7585.163173107752,0.0,0.0
107,ED,0,OFF,0.0,0.0,-0.02442669,33.16429380351908,11.97497262073426,961079676.7342411,7585.163173107752,0.0,0.0
107,CRY,0,OFF,0.0,0.0,-0.02442669,33.16429380351908,11.97497262073426,961079676.7342411,7585.163173107752,0.0,0.0
108,RO,0,OFF,0.0,0.0,-0.02322339,33.16428786997525,11.974938327403004,970061730.0856123,7656.052079323141,0.0,0.0
108,MED,0,OFF,0.0,0.0,-0.02322339,33.16428786997525,11.974938327403004,970061730.0856123,7656.052079323141,0.0,0.0
108,ED,0,OFF,0.0,0.0,-0.02322339,33.16428786997525,11.974938327403004,970061730.0856123,7656.052079323141,0.0,0.0
108,CRY,0,OFF,0.0,0.0,-0.02322339,33.16428786997525,11.974938327403004,970061730.0856123,7656.052079323141,0.0,0.0
109,RO,0,OFF,0.0,0.0,-0.022034500000000002,33.164280953944036,11.974898355717189,979043783.5871468,7726.940748915257,0.0,0.0
109,MED,0,OFF,0.0,0.0,-0.022034500000000002,33.164280953944036,11.974898355717189,979043783.5871468,7726.940748915257,0.0,0.0
109,ED,0,OFF,0.0,0.0,-0.022034500000000002,33.164280953944036,11.974898355717189,979043783.5871468,7726.940748915257,0.0,0.0
109,CRY,0,OFF,0.0,0.0,-0.022034500000000002,33.164280953944036,11.974898355717189,979043783.5871468,7726.940748915257,0.0,0.0
110,RO,0,OFF,0.0,0.0,-0.02260134,33.164284603388225,11.97491944793498,988025837.0094432,7797.829543368497,0.0,0.0
110,MED,0,OFF,0.0,0.0,-0.02260134,33.164284603388225,11.97491944793498,988025837.0094432,7797.829543368497,0.0,0.0
110,ED,0,OFF,0.0,0.0,-0.02260134,33.164284603388225,11.97491944793498,988025837.0094432,7797.829543368497,0.0,0.0
110,CRY,0,OFF,0.0,0.0,-0.02260134,33.164284603388225,11.97491944793498,988025837.0094432,7797.829543368497,0.0,0.0
111,RO,0,OFF,0.0,0.0,-0.02597788,33.16430060617305,11.975011937148317,997007890.0842817,7868.718885336806,0.0,0.0
111,MED,0,OFF,0.0,0.0,-0.02597788,33.16430060617305,11.975011937148317,997007890.0842817,7868.718885336806,0.0,0.0
111,ED,0,OFF,0.0,0.0,-0.02597788,33.16430060617305,11.975011937148317,997007890.0842817,7868.718885336806,0.0,0.0
111,CRY,0,OFF,0.0,0.0,-0.02597788,33.16430060617305,11.975011937148317,997007890.0842817,7868.718885336806,0.0,0.0
112,RO,0,OFF,0.0,0.0,-0.04016513,33.1643282371658,11.975171632402121,1005989942.5591868,7939.609172664627,0.0,0.0
112,MED,0,OFF,0.0,0.0,-0.04016513,33.1643282371658,11.975171632402121,1005989942.5591868,7939.609172664627,0.0,0.0
112,ED,0,OFF,0.0,0.0,-0.04016513,33.1643282371658,11.975171632402121,1005989942.5591868,7939.609172664627,0.0,0.0
112,CRY,0,OFF,0.0,0.0,-0.04016513,33.1643282371658,11.975171632402121,1005989942.5591868,7939.609172664627,0.0,0.0
113,RO,0,OFF,0.0,0.0,-0.04716269,33.16433356784535,11.975202441437169,1014971994.9183503,8010.499642374914,0.0,0.0
113,MED,0,OFF,0.0,0.0,-0.04716269,33.16433356784535,11.975202441437169,1014971994.9183503,8010.499642374914,0.0,0.0
113,ED,0,OFF,0.0,0.0,-0.04716269,33.16433356784535,11.975202441437169,1014971994.9183503,8010.499642374914,0.0,0.0
113,CRY,0,OFF,0.0,0.0,-0.04716269,33.16433356784535,11.975202441437169,1014971994.9183503,8010.499642374914,0.0,0.0
114,RO,0,OFF,0.0,0.0,-0.07220628999999999,33.16434241087021,11.975253550317424,1023954047.085511,8081.390414638127,0.0,0.0
114,MED,0,OFF,0.0,0.0,-0.07220628999999999,33.16434241087021,11.975253550317424,1023954047.085511,8081.390414638127,0.0,0.0
114,ED,0,OFF,0.0,0.0,-0.07220628999999999,33.16434241087021,11.975253550317424,1023954047.085511,8081.390414638127,0.0,0.0
114,CRY,0,OFF,0.0,0.0,-0.07220628999999999,33.16434241087021,11.975253550317424,1023954047.085511,8081.390414638127,0.0,0.0
115,RO,0,OFF,0.0,0.0,-0.06525304,33.16434075842902,11.97524399991808,1032936099.2885501,8152.281130365153,0.0,0.0
115,MED,0,OFF,0.0,0.0,-0.06525304,33.16434075842902,11.97524399991808,1032936099.2885501,8152.281130365153,0.0,0.0
115,ED,0,OFF,0.0,0.0,-0.06525304,33.16434075842902,11.97524399991808,1032936099.2885501,8152.281130365153,0.0,0.0
115,CRY,0,OFF,0.0,0.0,-0.06525304,33.16434075842902,11.97524399991808,1032936099.2885501,8152.281130365153,0.0,0.0
116,RO,0,OFF,0.0,0.0,-0.05557108,33.164337496303986,11.975225146238422,1041918151.5624176,8223.17173448269,0.0,0.0
116,MED,0,OFF,0.0,0.0,-0.05557108,33.164337496303986,11.975225146238422,1041918151.5624176,8223.17173448269,0.0,0.0
116,ED,0,OFF,0.0,0.0,-0.05557108,33.164337496303986,11.975225146238422,1041918151.5624176,8223.17173448269,0.0,0.0
116,CRY,0,OFF,0.0,0.0,-0.05557108,33.164337496303986,11.975225146238422,1041918151.5624176,8223.17173448269,0.0,0.0
117,RO,0,OFF,0.0,0.0,-0.04660666,33.16433277095788,11.975197835770304,1050900203.9388834,8294.06217692848,0.0,0.0
117,MED,0,OFF,0.0,0.0,-0.04660666,33.16433277095788,11.975197835770304,1050900203.9388834,8294.06217692848,0.0,0.0
117,ED,0,OFF,0.0,0.0,-0.04660666,33.16433277095788,11.975197835770304,1050900203.9388834,8294.06217692848,0.0,0.0
117,CRY,0,OFF,0.0,0.0,-0.04660666,33.16433277095788,11.975197835770304,1050900203.9388834,8294.06217692848,0.0,0.0
118,RO,0,OFF,0.0,0.0,-0.039795409999999996,33.16432707314541,11.9751649048649,1059882256.4390619,8364.952424430814,0.0,0.0
118,MED,0,OFF,0.0,0.0,-0.039795409999999996,33.16432707314541,11.9751649048649,1059882256.4390619,8364.952424430814,0.0,0.0
118,ED,0,OFF,0.0,0.0,-0.039795409999999996,33.16432707314541,11.9751649048649,1059882256.4390619,8364.952424430814,0.0,0.0
118,CRY,0,OFF,0.0,0.0,-0.039795409999999996,33.16432707314541,11.9751649048649,1059882256.4390619,8364.952424430814,0.0,0.0
119,RO,0,OFF,0.0,0.0,-0.03447,33.164320178720466,11.975125058054092,1068864309.0889347,8435.842436049108,0.0,0.0
119,MED,0,OFF,0.0,0.0,-0.03447,33.164320178720466,11.975125058054092,1068864309.0889347,8435.842436049108,0.0,0.0
119,ED,0,OFF,0.0,0.0,-0.03447,33.164320178720466,11.975125058054092,1068864309.0889347,8435.842436049108,0.0,0.0
119,CRY,0,OFF,0.0,0.0,-0.03447,33.164320178720466,11.975125058054092,1068864309.0889347,8435.842436049108,0.0,0.0
120,RO,0,OFF,0.0,0.0,-0.03365049,33.16431886652446,11.975117474125623,1077846361.7672982,8506.732402772273,0.0,0.0
120,MED,0,OFF,0.0,0.0,-0.03365049,33.16431886652446,11.975117474125623,1077846361.7672982,8506.732402772273,0.0,0.0
120,ED,0,OFF,0.0,0.0,-0.03365049,33.16431886652446,11.975117474125623,1077846361.7672982,8506.732402772273,0.0,0.0
120,CRY,0,OFF,0.0,0.0,-0.03365049,33.16431886652446,11.975117474125623,1077846361.7672982,8506.732402772273,0.0,0.0
121,RO,0,OFF,0.0,0.0,-0.02984846,33.164311369207056,11.975074142855613,1086828414.6084461,8577.622112984192,0.0,0.0
121,MED,0,OFF,0.0,0.0,-0.02984846,33.164311369207056,11.975074142855613,1086828414.6084461,8577.622112984192,0.0,0.0
121,ED,0,OFF,0.0,0.0,-0.02984846,33.164311369207056,11.975074142855613,1086828414.6084461,8577.622112984192,0.0,0.0
121,CRY,0,OFF,0.0,0.0,-0.02984846,33.164311369207056,11.975074142855613,1086828414.6084461,8577.622112984192,0.0,0.0
122,RO,0,OFF,0.0,0.0,-0.02950029,33.16431074642387,11.97507054343671,1095810467.463116,8648.511801888373,0.0,0.0
122,MED,0,OFF,0.0,0.0,-0.02950029,33.16431074642387,11.97507054343671,1095810467.463116,8648.511801888373,0.0,0.0
122,ED,0,OFF,0.0,0.0,-0.02950029,33.16431074642387,11.97507054343671,1095810467.463116,8648.511801888373,0.0,0.0
122,CRY,0,OFF,0.0,0.0,-0.02950029,33.16431074642387,11.97507054343671,1095810467.463116,8648.511801888373,0.0,0.0
123,RO,0,OFF,0.0,0.0,-0.02922932,33.16431014542515,11.97506706992259,1104792520.330835,8719.401470230141,0.0,0.0
123,MED,0,OFF,0.0,0.0,-0.02922932,33.16431014542515,11.97506706992259,1104792520.330835,8719.401470230141,0.0,0.0
123,ED,0,OFF,0.0,0.0,-0.02922932,33.16431014542515,11.97506706992259,1104792520.330835,8719.401470230141,0.0,0.0
123,CRY,0,OFF,0.0,0.0,-0.02922932,33.16431014542515,11.97506706992259,1104792520.330835,8719.401470230141,0.0,0.0
124,RO,0,OFF,0.0,0.0,-0.02966666,33.1643113101188,11.975073801350879,1113774573.173266,8790.291178420432,0.0,0.0
124,MED,0,OFF,0.0,0.0,-0.02966666,33.1643113101188,11.975073801350879,1113774573.173266,8790.291178420432,0.0,0.0
124,ED,0,OFF,0.0,0.0,-0.02966666,33.1643113101188,11.975073801350879,1113774573.173266,8790.291178420432,0.0,0.0
124,CRY,0,OFF,0.0,0.0,-0.02966666,33.1643113101188,11.975073801350879,1113774573.173266,8790.291178420432,0.0,0.0
125,RO,0,OFF,0.0,0.0,-0.03117651,33.164314830206855,11.975094145945873,1122756625.9392674,8861.181007046087,0.0,0.0
125,MED,0,OFF,0.0,0.0,-0.03117651,33.164314830206855,11.975094145945873,1122756625.9392674,8861.181007046087,0.0,0.0
125,ED,0,OFF,0.0,0.0,-0.03117651,33.164314830206855,11.975094145945873,1122756625.9392674,8861.181007046087,0.0,0.0
125,CRY,0,OFF,0.0,0.0,-0.03117651,33.164314830206855,11.975094145945873,1122756625.9392674,8861.181007046087,0.0,0.0
126,RO,0,OFF,0.0,0.0,-0.036832540000000004,33.16432421471074,11.975148384341974,1131738678.5015092,8932.07115675069,0.0,0.0
126,MED,0,OFF,0.0,0.0,-0.036832540000000004,33.16432421471074,11.975148384341974,1131738678.5015092,8932.07115675069,0.0,0.0
126,ED,0,OFF,0.0,0.0,-0.036832540000000004,33.16432421471074,11.975148384341974,1131738678.5015092,8932.07115675069,0.0,0.0
126,CRY,0,OFF,0.0,0.0,-0.036832540000000004,33.16432421471074,11.975148384341974,1131738678.5015092,8932.07115675069,0.0,0.0
127,RO,0,OFF,0.0,0.0,-0.043885179999999996,33.16433127028064,11.975189162501326,1140720730.9105582,9002.961547852705,0.0,0.0
127,MED,0,OFF,0.0,0.0,-0.043885179999999996,33.16433127028064,11.975189162501326,1140720730.9105582,9002.961547852705,0.0,0.0
127,ED,0,OFF,0.0,0.0,-0.043885179999999996,33.16433127028064,11.975189162501326,1140720730.9105582,9002.961547852705,0.0,0.0
127,CRY,0,OFF,0.0,0.0,-0.043885179999999996,33.16433127028064,11.975189162501326,1140720730.9105582,9002.961547852705,0.0,0.0
128,RO,0,OFF,0.0,0.0,-0.0519127,33.16433614923483,11.975217360758112,1149702783.2136738,9073.852105881973,0.0,0.0
128,MED,0,OFF,0.0,0.0,-0.0519127,33.16433614923483,11.975217360758112,1149702783.2136738,9073.852105881973,0.0,0.0
128,ED,0,OFF,0.0,0.0,-0.0519127,33.16433614923483,11.975217360758112,1149702783.2136738,9073.852105881973,0.0,0.0
128,CRY,0,OFF,0.0,0.0,-0.0519127,33.16433614923483,11.975217360758112,1149702783.2136738,9073.852105881973,0.0,0.0
129,RO,0,OFF,0.0,0.0,-0.03448698,33.16432097486612,11.975129659433566,1158684835.8462603,9144.742144739384,0.0,0.0
129,MED,0,OFF,0.0,0.0,-0.03448698,33.16432097486612,11.975129659433566,1158684835.8462603,9144.742144739384,0.0,0.0
129,ED,0,OFF,0.0,0.0,-0.03448698,33.16432097486612,11.975129659433566,1158684835.8462603,9144.742144739384,0.0,0.0
129,CRY,0,OFF,0.0,0.0,-0.03448698,33.16432097486612,11.975129659433566,1158684835.8462603,9144.742144739384,0.0,0.0
130,RO,0,OFF,0.0,0.0,-0.029725449999999997,33.1643117125048,11.975076126968935,1167666888.6799548,9215.631866696804,0.0,0.0
130,MED,0,OFF,0.0,0.0,-0.029725449999999997,33.1643117125048,11.975076126968935,1167666888.6799548,9215.631866696804,0.0,0.0
130,ED,0,OFF,0.0,0.0,-0.029725449999999997,33.1643117125048,11.975076126968935,1167666888.6799548,9215.631866696804,0.0,0.0
130,CRY,0,OFF,0.0,0.0,-0.029725449999999997,33.1643117125048,11.975076126968935,1167666888.6799548,9215.631866696804,0.0,0.0
131,RO,0,OFF,0.0,0.0,-0.02739683,33.16430526792909,11.975038880093155,1176648941.6535757,9286.521368161206,0.0,0.0
131,MED,0,OFF,0.0,0.0,-0.02739683,33.16430526792909,11.975038880093155,1176648941.6535757,9286.521368161206,0.0,0.0
131,ED,0,OFF,0.0,0.0,-0.02739683,33.16430526792909,11.975038880093155,1176648941.6535757,9286.521368161206,0.0,0.0
131,CRY,0,OFF,0.0,0.0,-0.02739683,33.16430526792909,11.975038880093155,1176648941.6535757,9286.521368161206,0.0,0.0
132,RO,0,OFF,0.0,0.0,-0.025650020000000003,33.164299222021285,11.975003937346472,1185630994.7584674,9357.410662772509,0.0,0.0
132,MED,0,OFF,0.0,0.0,-0.025650020000000003,33.164299222021285,11.975003937346472,1185630994.7584674,9357.410662772509,0.0,0.0
132,ED,0,OFF,0.0,0.0,-0.025650020000000003,33.164299222021285,11.975003937346472,1185630994.7584674,9357.410662772509,0.0,0.0
132,CRY,0,OFF,0.0,0.0,-0.025650020000000003,33.164299222021285,11.975003937346472,1185630994.7584674,9357.410662772509,0.0,0.0
133,RO,0,OFF,0.0,0.0,-0.02414143,33.16429278927331,11.974966758829924,1194613048.003029,9428.299737295467,0.0,0.0
133,MED,0,OFF,0.0,0.0,-0.02414143,33.16429278927331,11.974966758829924,1194613048.003029,9428.299737295467,0.0,0.0
133,ED,0,OFF,0.0,0.0,-0.02414143,33.16429278927331,11.974966758829924,1194613048.003029,9428.299737295467,0.0,0.0
133,CRY,0,OFF,0.0,0.0,-0.02414143,33.16429278927331,11.974966758829924,1194613048.003029,9428.299737295467,0.0,0.0
134,RO,0,OFF,0.0,0.0,-0.024588460000000003,33.16429489781587,11.974978945299046,1203595101.2018096,9499.188883959545,0.0,0.0
134,MED,0,OFF,0.0,0.0,-0.024588460000000003,33.16429489781587,11.974978945299046,1203595101.2018096,9499.188883959545,0.0,0.0
134,ED,0,OFF,0.0,0.0,-0.024588460000000003,33.16429489781587,11.974978945299046,1203595101.2018096,9499.188883959545,0.0,0.0
134,CRY,0,OFF,0.0,0.0,-0.024588460000000003,33.16429489781587,11.974978945299046,1203595101.2018096,9499.188883959545,0.0,0.0
135,RO,0,OFF,0.0,0.0,-0.02761235,33.164306147283945,11.975043962386033,1212577154.1563377,9570.078415509959,0.0,0.0
135,MED,0,OFF,0.0,0.0,-0.02761235,33.164306147283945,11.975043962386033,1212577154.1563377,9570.078415509959,0.0,0.0
135,ED,0,OFF,0.0,0.0,-0.02761235,33.164306147283945,11.975043962386033,1212577154.1563377,9570.078415509959,0.0,0.0
135,CRY,0,OFF,0.0,0.0,-0.02761235,33.164306147283945,11.975043962386033,1212577154.1563377,9570.078415509959,0.0,0.0
136,RO,0,OFF,0.0,0.0,-0.03287744,33.164318463430725,11.975115144417154,1221559206.8434534,9640.968368441781,0.0,0.0
136,MED,0,OFF,0.0,0.0,-0.03287744,33.164318463430725,11.975115144417154,1221559206.8434534,9640.968368441781,0.0,0.0
136,ED,0,OFF,0.0,0.0,-0.03287744,33.164318463430725,11.975115144417154,1221559206.8434534,9640.968368441781,0.0,0.0
136,CRY,0,OFF,0.0,0.0,-0.03287744,33.164318463430725,11.975115144417154,1221559206.8434534,9640.968368441781,0.0,0.0
137,RO,0,OFF,0.0,0.0,-0.04707636,33.1643334152946,11.975201559759444,1230541259.205929,9711.858832932738,0.0,0.0
137,MED,0,OFF,0.0,0.0,-0.04707636,33.1643334152946,11.975201559759444,1230541259.205929,9711.858832932738,0.0,0.0
137,ED,0,OFF,0.0,0.0,-0.04707636,33.1643334152946,11.975201559759444,1230541259.205929,9711.858832932738,0.0,0.0
137,CRY,0,OFF,0.0,0.0,-0.04707636,33.1643334152946,11.975201559759444,1230541259.205929,9711.858832932738,0.0,0.0
138,RO,0,OFF,0.0,0.0,-0.06433162,33.16434052211796,11.975242634141797,1239523311.414099,9782.749540574678,0.0,0.0
138,MED,0,OFF,0.0,0.0,-0.06433162,33.16434052211796,11.975242634141797,1239523311.414099,9782.749540574678,0.0,0.0
138,ED,0,OFF,0.0,0.0,-0.06433162,33.16434052211796,11.975242634141797,1239523311.414099,9782.749540574678,0.0,0.0
138,CRY,0,OFF,0.0,0.0,-0.06433162,33.16434052211796,11.975242634141797,1239523311.414099,9782.749540574678,0.0,0.0
139,RO,0,OFF,0.0,0.0,-0.05548755,33.16433754275903,11.975225414728603,1248505363.6869578,9853.640146281616,0.0,0.0
139,MED,0,OFF,0.0,0.0,-0.05548755,33.16433754275903,11.975225414728603,1248505363.6869578,9853.640146281616,0.0,0.0
139,ED,0,OFF,0.0,0.0,-0.05548755,33.16433754275903,11.975225414728603,1248505363.6869578,9853.640146281616,0.0,0.0
139,CRY,0,OFF,0.0,0.0,-0.05548755,33.16433754275903,11.975225414728603,1248505363.6869578,9853.640146281616,0.0,0.0
140,RO,0,OFF,0.0,0.0,-0.048756509999999996,33.16433419386808,11.975206059579289,1257487416.0325289,9924.53063741048,0.0,0.0
140,MED,0,OFF,0.0,0.0,-0.048756509999999996,33.16433419386808,11.975206059579289,1257487416.0325289,9924.53063741048,0.0,0.0
140,ED,0,OFF,0.0,0.0,-0.048756509999999996,33.16433419386808,11.975206059579289,1257487416.0325289,9924.53063741048,0.0,0.0
140,CRY,0,OFF,0.0,0.0,-0.048756509999999996,33.16433419386808,11.975206059579289,1257487416.0325289,9924.53063741048,0.0,0.0
141,RO,0,OFF,0.0,0.0,-0.04214541,33.16432932264894,11.97517790602778,1266469468.4838655,9995.420961876736,0.0,0.0
141,MED,0,OFF,0.0,0.0,-0.04214541,33.16432932264894,11.97517790602778,1266469468.4838655,9995.420961876736,0.0,0.0
141,ED,0,OFF,0.0,0.0,-0.04214541,33.16432932264894,11.97517790602778,1266469468.4838655,9995.420961876736,0.0,0.0
141,CRY,0,OFF,0.0,0.0,-0.04214541,33.16432932264894,11.97517790602778,1266469468.4838655,9995.420961876736,0.0,0.0
142,RO,0,OFF,0.0,0.0,-0.03878965,33.16432600825446,11.9751587502533,1275451521.0071654,10066.311172945172,0.0,0.0
142,MED,0,OFF,0.0,0.0,-0.03878965,33.16432600825446,11.9751587502533,1275451521.0071654,10066.311172945172,0.0,0.0
142,ED,0,OFF,0.0,0.0,-0.03878965,33.16432600825446,11.9751587502533,1275451521.0071654,10066.311172945172,0.0,0.0
142,CRY,0,OFF,0.0,0.0,-0.03878965,33.16432600825446,11.9751587502533,1275451521.0071654,10066.311172945172,0.0,0.0
143,RO,0,OFF,0.0,0.0,-0.03521335,33.16432142058157,11.975132235477187,1284433573.6300745,10137.201227052172,0.0,0.0
143,MED,0,OFF,0.0,0.0,-0.03521335,33.16432142058157,11.975132235477187,1284433573.6300745,10137.201227052172,0.0,0.0
143,ED,0,OFF,0.0,0.0,-0.03521335,33.16432142058157,11.975132235477187,1284433573.6300745,10137.201227052172,0.0,0.0
143,CRY,0,OFF,0.0,0.0,-0.03521335,33.16432142058157,11.975132235477187,1284433573.6300745,10137.201227052172,0.0,0.0
144,RO,0,OFF,0.0,0.0,-0.032749349999999997,33.164317372012675,11.975108836490248,1293415626.3408873,10208.091142642503,0.0,0.0
144,MED,0,OFF,0.0,0.0,-0.032749349999999997,33.164317372012675,11.975108836490248,1293415626.3408873,10208.091142642503,0.0,0.0
144,ED,0,OFF,0.0,0.0,-0.032749349999999997,33.164317372012675,11.975108836490248,1293415626.3408873,10208.091142642503,0.0,0.0
144,CRY,0,OFF,0.0,0.0,-0.032749349999999997,33.164317372012675,11.975108836490248,1293415626.3408873,10208.091142642503,0.0,0.0
145,RO,0,OFF,0.0,0.0,-0.02949404,33.1643105753775,11.975069554862257,1302397679.1992712,10278.980825694549,0.0,0.0
145,MED,0,OFF,0.0,0.0,-0.02949404,33.1643105753775,11.975069554862257,1302397679.1992712,10278.980825694549,0.0,0.0
145,ED,0,OFF,0.0,0.0,-0.02949404,33.1643105753775,11.975069554862257,1302397679.1992712,10278.980825694549,0.0,0.0
145,CRY,0,OFF,0.0,0.0,-0.02949404,33.1643105753775,11.975069554862257,1302397679.1992712,10278.980825694549,0.0,0.0
146,RO,0,OFF,0.0,0.0,-0.0287724,33.164308890501424,11.97505981700319,1311379732.0942378,10349.870451100687,0.0,0.0
146,MED,0,OFF,0.0,0.0,-0.0287724,33.164308890501424,11.97505981700319,1311379732.0942378,10349.870451100687,0.0,0.0
146,ED,0,OFF,0.0,0.0,-0.0287724,33.164308890501424,11.97505981700319,1311379732.0942378,10349.870451100687,0.0,0.0
146,CRY,0,OFF,0.0,0.0,-0.0287724,33.164308890501424,11.97505981700319,1311379732.0942378,10349.870451100687,0.0,0.0
147,RO,0,OFF,0.0,0.0,-0.02789417,33.16430638977467,11.975045363878142,1320361785.043501,10420.759990947618,0.0,0.0
147,MED,0,OFF,0.0,0.0,-0.02789417,33.16430638977467,11.975045363878142,1320361785.043501,10420.759990947618,0.0,0.0
147,ED,0,OFF,0.0,0.0,-0.02789417,33.16430638977467,11.975045363878142,1320361785.043501,10420.759990947618,0.0,0.0
147,CRY,0,OFF,0.0,0.0,-0.02789417,33.16430638977467,11.975045363878142,1320361785.043501,10420.759990947618,0.0,0.0
148,RO,0,OFF,0.0,0.0,-0.028443549999999998,33.16430805782574,11.97505500449586,1329343837.9565465,10491.64958786481,0.0,0.0
148,MED,0,OFF,0.0,0.0,-0.028443549999999998,33.16430805782574,11.97505500449586,1329343837.9565465,10491.64958786481,0.0,0.0
148,ED,0,OFF,0.0,0.0,-0.028443549999999998,33.16430805782574,11.97505500449586,1329343837.9565465,10491.64958786481,0.0,0.0
148,CRY,0,OFF,0.0,0.0,-0.028443549999999998,33.16430805782574,11.97505500449586,1329343837.9565465,10491.64958786481,0.0,0.0
149,RO,0,OFF,0.0,0.0,-0.030783619999999998,33.16431397686042,11.975089213970502,1338325890.7410762,10562.539387294295,0.0,0.0
149,MED,0,OFF,0.0,0.0,-0.030783619999999998,33.16431397686042,11.975089213970502,1338325890.7410762,10562.539387294295,0.0,0.0
149,ED,0,OFF,0.0,0.0,-0.030783619999999998,33.16431397686042,11.975089213970502,1338325890.7410762,10562.539387294295,0.0,0.0
149,CRY,0,OFF,0.0,0.0,-0.030783619999999998,33.16431397686042,11.975089213970502,1338325890.7410762,10562.539387294295,0.0,0.0
150,RO,0,OFF,0.0,0.0,-0.0361016,33.164323261743654,11.975142876602076,1347307943.3240094,10633.429504394331,0.0,0.0
150,MED,0,OFF,0.0,0.0,-0.0361016,33.164323261743654,11.975142876602076,1347307943.3240094,10633.429504394331,0.0,0.0
150,ED,0,OFF,0.0,0.0,-0.0361016,33.164323261743654,11.975142876602076,1347307943.3240094,10633.429504394331,0.0,0.0
150,CRY,0,OFF,0.0,0.0,-0.0361016,33.164323261743654,11.975142876602076,1347307943.3240094,10633.429504394331,0.0,0.0
151,RO,0,OFF,0.0,0.0,-0.04697579,33.164333383501365,11.975201376008224,1356289995.6871755,10704.31996779752,0.0,0.0
151,MED,0,OFF,0.0,0.0,-0.04697579,33.164333383501365,11.975201376008224,1356289995.6871755,10704.31996779752,0.0,0.0
151,ED,0,OFF,0.0,0.0,-0.04697579,33.164333383501365,11.975201376008224,1356289995.6871755,10704.31996779752,0.0,0.0
151,CRY,0,OFF,0.0,0.0,-0.04697579,33.164333383501365,11.975201376008224,1356289995.6871755,10704.31996779752,0.0,0.0
152,RO,0,OFF,0.0,0.0,-0.04825926,33.16433417372023,11.975205943133377,1365272048.033184,10775.210458237052,0.0,0.0
152,MED,0,OFF,0.0,0.0,-0.04825926,33.16433417372023,11.975205943133377,1365272048.033184,10775.210458237052,0.0,0.0
152,ED,0,OFF,0.0,0.0,-0.04825926,33.16433417372023,11.975205943133377,1365272048.033184,10775.210458237052,0.0,0.0
152,CRY,0,OFF,0.0,0.0,-0.04825926,33.16433417372023,11.975205943133377,1365272048.033184,10775.210458237052,0.0,0.0
153,RO,0,OFF,0.0,0.0,-0.03547163,33.16432251494004,11.975138560398397,1374254100.632332,10846.100549786148,0.0,0.0
153,MED,0,OFF,0.0,0.0,-0.03547163,33.16432251494004,11.975138560398397,1374254100.632332,10846.100549786148,0.0,0.0
153,ED,0,OFF,0.0,0.0,-0.03547163,33.16432251494004,11.975138560398397,1374254100.632332,10846.100549786148,0.0,0.0
153,CRY,0,OFF,0.0,0.0,-0.03547163,33.16432251494004,11.975138560398397,1374254100.632332,10846.100549786148,0.0,0.0
154,RO,0,OFF,0.0,0.0,-0.03150986,33.164315754605816,11.97509948857425,1383236153.3782625,10916.990410038947,0.0,0.0
154,MED,0,OFF,0.0,0.0,-0.03150986,33.164315754605816,11.97509948857425,1383236153.3782625,10916.990410038947,0.0,0.0
154,ED,0,OFF,0.0,0.0,-0.03150986,33.164315754605816,11.97509948857425,1383236153.3782625,10916.990410038947,0.0,0.0
154,CRY,0,OFF,0.0,0.0,-0.03150986,33.164315754605816,11.97509948857425,1383236153.3782625,10916.990410038947,0.0,0.0
155,RO,0,OFF,0.0,0.0,-0.02904965,33.16431002571381,11.975066378042472,1392218206.2485807,10987.880074284942,0.0,0.0
155,MED,0,OFF,0.0,0.0,-0.02904965,33.16431002571381,11.975066378042472,1392218206.2485807,10987.880074284942,0.0,0.0
155,ED,0,OFF,0.0,0.0,-0.02904965,33.16431002571381,11.975066378042472,1392218206.2485807,10987.880074284942,0.0,0.0
155,CRY,0,OFF,0.0,0.0,-0.02904965,33.16431002571381,11.975066378042472,1392218206.2485807,10987.880074284942,0.0,0.0
156,RO,0,OFF,0.0,0.0,-0.02691334,33.164303702679106,11.975029833621504,1401200259.256187,11058.769522196293,0.0,0.0
156,MED,0,OFF,0.0,0.0,-0.02691334,33.164303702679106,11.975029833621504,1401200259.256187,11058.769522196293,0.0,0.0
156,ED,0,OFF,0.0,0.0,-0.02691334,33.164303702679106,11.975029833621504,1401200259.256187,11058.769522196293,0.0,0.0
156,CRY,0,OFF,0.0,0.0,-0.02691334,33.164303702679106,11.975029833621504,1401200259.256187,11058.769522196293,0.0,0.0
157,RO,0,OFF,0.0,0.0,-0.025009419999999997,33.164296548446686,11.97498848523521,1410182312.4191282,11129.658725334619,0.0,0.0
157,MED,0,OFF,0.0,0.0,-0.025009419999999997,33.164296548446686,11.97498848523521,1410182312.4191282,11129.658725334619,0.0,0.0
157,ED,0,OFF,0.0,0.0,-0.025009419999999997,33.164296548446686,11.97498848523521,1410182312.4191282,11129.658725334619,0.0,0.0
157,CRY,0,OFF,0.0,0.0,-0.025009419999999997,33.164296548446686,11.97498848523521,1410182312.4191282,11129.658725334619,0.0,0.0
158,RO,0,OFF,0.0,0.0,-0.02540475,33.16429821116609,11.97499809503827,1419164365.545968,11200.547985360789,0.0,0.0
158,MED,0,OFF,0.0,0.0,-0.02540475,33.16429821116609,11.97499809503827,1419164365.545968,11200.547985360789,0.0,0.0
158,ED,0,OFF,0.0,0.0,-0.02540475,33.16429821116609,11.97499809503827,1419164365.545968,11200.547985360789,0.0,0.0
158,CRY,0,OFF,0.0,0.0,-0.02540475,33.16429821116609,11.97499809503827,1419164365.545968,11200.547985360789,0.0,0.0
159,RO,0,OFF,0.0,0.0,-0.02841592,33.164308313774505,11.975056483769652,1428146418.4534566,11271.437591034943,0.0,0.0
159,MED,0,OFF,0.0,0.0,-0.02841592,33.164308313774505,11.975056483769652,1428146418.4534566,11271.437591034943,0.0,0.0
159,ED,0,OFF,0.0,0.0,-0.02841592,33.164308313774505,11.975056483769652,1428146418.4534566,11271.437591034943,0.0,0.0
159,CRY,0,OFF,0.0,0.0,-0.02841592,33.164308313774505,11.975056483769652,1428146418.4534566,11271.437591034943,0.0,0.0
160,RO,0,OFF,0.0,0.0,-0.032379019999999994,33.16431741003529,11.975109056244573,1437128471.163444,11342.32750792617,0.0,0.0
160,MED,0,OFF,0.0,0.0,-0.032379019999999994,33.16431741003529,11.975109056244573,1437128471.163444,11342.32750792617,0.0,0.0
160,ED,0,OFF,0.0,0.0,-0.032379019999999994,33.16431741003529,11.975109056244573,1437128471.163444,11342.32750792617,0.0,0.0
160,CRY,0,OFF,0.0,0.0,-0.032379019999999994,33.16431741003529,11.975109056244573,1437128471.163444,11342.32750792617,0.0,0.0
161,RO,0,OFF,0.0,0.0,-0.04497585,33.16433200207627,11.975193391965378,1446110523.5566041,11413.217924065646,0.0,0.0
161,MED,0,OFF,0.0,0.0,-0.04497585,33.16433200207627,11.975193391965378,1446110523.5566041,11413.217924065646,0.0,0.0
161,ED,0,OFF,0.0,0.0,-0.04497585,33.16433200207627,11.975193391965378,1446110523.5566041,11413.217924065646,0.0,0.0
161,CRY,0,OFF,0.0,0.0,-0.04497585,33.16433200207627,11.975193391965378,1446110523.5566041,11413.217924065646,0.0,0.0
162,RO,0,OFF,0.0,0.0,-0.061687280000000004,33.16433979226968,11.97523841593267,1455092575.7806206,11484.10860673675,0.0,0.0
162,MED,0,OFF,0.0,0.0,-0.061687280000000004,33.16433979226968,11.97523841593267,1455092575.7806206,11484.10860673675,0.0,0.0
162,ED,0,OFF,0.0,0.0,-0.061687280000000004,33.16433979226968,11.97523841593267,1455092575.7806206,11484.10860673675,0.0,0.0
162,CRY,0,OFF,0.0,0.0,-0.061687280000000004,33.16433979226968,11.97523841593267,1455092575.7806206,11484.10860673675,0.0,0.0
163,RO,0,OFF,0.0,0.0,-0.05562047,33.164337624337,11.975225886214186,1464074628.0517082,11554.999215234777,0.0,0.0
163,MED,0,OFF,0.0,0.0,-0.05562047,33.164337624337,11.975225886214186,1464074628.0517082,11554.999215234777,0.0,0.0
163,ED,0,OFF,0.0,0.0,-0.05562047,33.164337624337,11.975225886214186,1464074628.0517082,11554.999215234777,0.0,0.0
163,CRY,0,OFF,0.0,0.0,-0.05562047,33.164337624337,11.975225886214186,1464074628.0517082,11554.999215234777,0.0,0.0
164,RO,0,OFF,0.0,0.0,-0.04831992,33.16433396408764,11.975204731547153,1473056680.4022684,11625.889698501995,0.0,0.0
164,MED,0,OFF,0.0,0.0,-0.04831992,33.16433396408764,11.975204731547153,1473056680.4022684,11625.889698501995,0.0,0.0
164,ED,0,OFF,0.0,0.0,-0.04831992,33.16433396408764,11.975204731547153,1473056680.4022684,11625.889698501995,0.0,0.0
164,CRY,0,OFF,0.0,0.0,-0.04831992,33.16433396408764,11.975204731547153,1473056680.4022684,11625.889698501995,0.0,0.0
165,RO,0,OFF,0.0,0.0,-0.04260342,33.164329911541856,11.975181309575563,1482038732.840819,11696.780043116476,0.0,0.0
165,MED,0,OFF,0.0,0.0,-0.04260342,33.164329911541856,11.975181309575563,1482038732.840819,11696.780043116476,0.0,0.0
165,ED,0,OFF,0.0,0.0,-0.04260342,33.164329911541856,11.975181309575563,1482038732.840819,11696.780043116476,0.0,0.0
165,CRY,0,OFF,0.0,0.0,-0.04260342,33.164329911541856,11.975181309575563,1482038732.840819,11696.780043116476,0.0,0.0
166,RO,0,OFF,0.0,0.0,-0.03871057,33.164326079328085,11.975159161028223,1491020785.3625755,11767.670256616606,0.0,0.0
166,MED,0,OFF,0.0,0.0,-0.03871057,33.164326079328085,11.975159161028223,1491020785.3625755,11767.670256616606,0.0,0.0
166,ED,0,OFF,0.0,0.0,-0.03871057,33.164326079328085,11.975159161028223,1491020785.3625755,11767.670256616606,0.0,0.0
166,CRY,0,OFF,0.0,0.0,-0.03871057,33.164326079328085,11.975159161028223,1491020785.3625755,11767.670256616606,0.0,0.0
167,RO,0,OFF,0.0,0.0,-0.036194409999999996,33.16432295510348,11.975141104353792,1500002837.9521666,11838.560363225337,0.0,0.0
167,MED,0,OFF,0.0,0.0,-0.036194409999999996,33.16432295510348,11.975141104353792,1500002837.9521666,11838.560363225337,0.0,0.0
167,ED,0,OFF,0.0,0.0,-0.036194409999999996,33.16432295510348,11.975141104353792,1500002837.9521666,11838.560363225337,0.0,0.0
167,CRY,0,OFF,0.0,0.0,-0.036194409999999996,33.16432295510348,11.975141104353792,1500002837.9521666,11838.560363225337,0.0,0.0
168,RO,0,OFF,0.0,0.0,-0.03304665,33.16431803197863,11.97511265080963,1508984890.6486502,11909.45030139557,0.0,0.0
168,MED,0,OFF,0.0,0.0,-0.03304665,33.16431803197863,11.97511265080963,1508984890.6486502,11909.45030139557,0.0,0.0
168,ED,0,OFF,0.0,0.0,-0.03304665,33.16431803197863,11.97511265080963,1508984890.6486502,11909.45030139557,0.0,0.0
168,CRY,0,OFF,0.0,0.0,-0.03304665,33.16431803197863,11.97511265080963,1508984890.6486502,11909.45030139557,0.0,0.0
169,RO,0,OFF,0.0,0.0,-0.0322169,33.1643167163906,11.975105047276635,1517966943.3736982,11980.340194554621,0.0,0.0
169,MED,0,OFF,0.0,0.0,-0.0322169,33.1643167163906,11.975105047276635,1517966943.3736982,11980.340194554621,0.0,0.0
169,ED,0,OFF,0.0,0.0,-0.0322169,33.1643167163906,11.975105047276635,1517966943.3736982,11980.340194554621,0.0,0.0
169,CRY,0,OFF,0.0,0.0,-0.0322169,33.1643167163906,11.975105047276635,1517966943.3736982,11980.340194554621,0.0,0.0
170,RO,0,OFF,0.0,0.0,-0.03105994,33.164314564908814,11.975092612637308,1526948996.1454601,12051.23001410344,0.0,0.0
170,MED,0,OFF,0.0,0.0,-0.03105994,33.164314564908814,11.975092612637308,1526948996.1454601,12051.23001410344,0.0,0.0
170,ED,0,OFF,0.0,0.0,-0.03105994,33.164314564908814,11.975092612637308,1526948996.1454601,12051.23001410344,0.0,0.0
170,CRY,0,OFF,0.0,0.0,-0.03105994,33.164314564908814,11.975092612637308,1526948996.1454601,12051.23001410344,0.0,0.0
171,RO,0,OFF,0.0,0.0,-0.03072409,33.16431395661474,11.975089096959154,1535931048.9304295,12122.119812840245,0.0,0.0
171,MED,0,OFF,0.0,0.0,-0.03072409,33.16431395661474,11.975089096959154,1535931048.9304295,12122.119812840245,0.0,0.0
171,ED,0,OFF,0.0,0.0,-0.03072409,33.16431395661474,11.975089096959154,1535931048.9304295,12122.119812840245,0.0,0.0
171,CRY,0,OFF,0.0,0.0,-0.03072409,33.16431395661474,11.975089096959154,1535931048.9304295,12122.119812840245,0.0,0.0
172,RO,0,OFF,0.0,0.0,-0.030832460000000003,33.16431420880768,11.975090554525906,1544913101.7099228,12193.009620205514,0.0,0.0
172,MED,0,OFF,0.0,0.0,-0.030832460000000003,33.16431420880768,11.975090554525906,1544913101.7099228,12193.009620205514,0.0,0.0
172,ED,0,OFF,0.0,0.0,-0.030832460000000003,33.16431420880768,11.975090554525906,1544913101.7099228,12193.009620205514,0.0,0.0
172,CRY,0,OFF,0.0,0.0,-0.030832460000000003,33.16431420880768,11.975090554525906,1544913101.7099228,12193.009620205514,0.0,0.0
173,RO,0,OFF,0.0,0.0,-0.03147838,33.16431556016041,11.975098364763483,1553895154.4600754,12263.899473805608,0.0,0.0
173,MED,0,OFF,0.0,0.0,-0.03147838,33.16431556016041,11.975098364763483,1553895154.4600754,12263.899473805608,0.0,0.0
173,ED,0,OFF,0.0,0.0,-0.03147838,33.16431556016041,11.975098364763483,1553895154.4600754,12263.899473805608,0.0,0.0
173,CRY,0,OFF,0.0,0.0,-0.03147838,33.16431556016041,11.975098364763483,1553895154.4600754,12263.899473805608,0.0,0.0
174,RO,0,OFF,0.0,0.0,-0.037113810000000004,33.164324625625376,11.975150759251866,1562877207.0133955,12334.789637569136,0.0,0.0
174,MED,0,OFF,0.0,0.0,-0.037113810000000004,33.164324625625376,11.975150759251866,1562877207.0133955,12334.789637569136,0.0,0.0
174,ED,0,OFF,0.0,0.0,-0.037113810000000004,33.164324625625376,11.975150759251866,1562877207.0133955,12334.789637569136,0.0,0.0
174,CRY,0,OFF,0.0,0.0,-0.037113810000000004,33.164324625625376,11.975150759251866,1562877207.0133955,12334.789637569136,0.0,0.0
175,RO,0,OFF,0.0,0.0,-0.04657681,33.16433316049357,11.975200087119097,1571859259.3814037,12405.680093342398,0.0,0.0
175,MED,0,OFF,0.0,0.0,-0.04657681,33.16433316049357,11.975200087119097,1571859259.3814037,12405.680093342398,0.0,0.0
175,ED,0,OFF,0.0,0.0,-0.04657681,33.16433316049357,11.975200087119097,1571859259.3814037,12405.680093342398,0.0,0.0
175,CRY,0,OFF,0.0,0.0,-0.04657681,33.16433316049357,11.975200087119097,1571859259.3814037,12405.680093342398,0.0,0.0
176,RO,0,OFF,0.0,0.0,-0.0468599,33.16433332347092,11.975201029058104,1580841311.745873,12476.570554691723,0.0,0.0
176,MED,0,OFF,0.0,0.0,-0.0468599,33.16433332347092,11.975201029058104,1580841311.745873,12476.570554691723,0.0,0.0
176,ED,0,OFF,0.0,0.0,-0.0468599,33.16433332347092,11.975201029058104,1580841311.745873,12476.570554691723,0.0,0.0
176,CRY,0,OFF,0.0,0.0,-0.0468599,33.16433332347092,11.975201029058104,1580841311.745873,12476.570554691723,0.0,0.0
177,RO,0,OFF,0.0,0.0,-0.035129139999999996,33.16432190861364,11.975135056092567,1589823364.3581858,12547.460625496127,0.0,0.0
177,MED,0,OFF,0.0,0.0,-0.035129139999999996,33.16432190861364,11.975135056092567,1589823364.3581858,12547.460625496127,0.0,0.0
177,ED,0,OFF,0.0,0.0,-0.035129139999999996,33.16432190861364,11.975135056092567,1589823364.3581858,12547.460625496127,0.0,0.0
177,CRY,0,OFF,0.0,0.0,-0.035129139999999996,33.16432190861364,11.975135056092567,1589823364.3581858,12547.460625496127,0.0,0.0
178,RO,0,OFF,0.0,0.0,-0.031054,33.16431464241373,11.975093060582365,1598805417.1282647,12618.35044769668,0.0,0.0
178,MED,0,OFF,0.0,0.0,-0.031054,33.16431464241373,11.975093060582365,1598805417.1282647,12618.35044769668,0.0,0.0
178,ED,0,OFF,0.0,0.0,-0.031054,33.16431464241373,11.975093060582365,1598805417.1282647,12618.35044769668,0.0,0.0
178,CRY,0,OFF,0.0,0.0,-0.031054,33.16431464241373,11.975093060582365,1598805417.1282647,12618.35044769668,0.0,0.0
179,RO,0,OFF,0.0,0.0,-0.02344071,33.164288886840964,11.974944204449486,1607787470.4575574,12689.239388702843,0.0,0.0
179,MED,0,OFF,0.0,0.0,-0.02344071,33.164288886840964,11.974944204449486,1607787470.4575574,12689.239388702843,0.0,0.0
179,ED,0,OFF,0.0,0.0,-0.02344071,33.164288886840964,11.974944204449486,1607787470.4575574,12689.239388702843,0.0,0.0
179,CRY,0,OFF,0.0,0.0,-0.02344071,33.164288886840964,11.974944204449486,1607787470.4575574,12689.239388702843,0.0,0.0
180,RO,0,OFF,0.0,0.0,-0.01840159,33.16424907366373,11.974714101408988,1616769524.6512873,12760.12696755144,0.0,0.0
180,MED,0,OFF,0.0,0.0,-0.01840159,33.16424907366373,11.974714101408988,1616769524.6512873,12760.12696755144,0.0,0.0
180,ED,0,OFF,0.0,0.0,-0.01840159,33.16424907366373,11.974714101408988,1616769524.6512873,12760.12696755144,0.0,0.0
180,CRY,0,OFF,0.0,0.0,-0.01840159,33.16424907366373,11.974714101408988,1616769524.6512873,12760.12696755144,0.0,0.0
181,RO,0,OFF,0.0,0.0,-0.017536930000000003,33.16423803468426,11.9746503008556,1625751579.0846994,12831.0141687153,0.0,0.0
181,MED,0,OFF,0.0,0.0,-0.017536930000000003,33.16423803468426,11.9746503008556,1625751579.0846994,12831.0141687153,0.0,0.0
181,ED,0,OFF,0.0,0.0,-0.017536930000000003,33.16423803468426,11.9746503008556,1625751579.0846994,12831.0141687153,0.0,0.0
181,CRY,0,OFF,0.0,0.0,-0.017536930000000003,33.16423803468426,11.9746503008556,1625751579.0846994,12831.0141687153,0.0,0.0
182,RO,0,OFF,0.0,0.0,-0.015018420000000001,33.164192671847395,11.974388123169435,1634733634.5030446,12901.899817846997,0.0,0.0
182,MED,0,OFF,0.0,0.0,-0.015018420000000001,33.164192671847395,11.974388123169435,1634733634.5030446,12901.899817846997,0.0,0.0
182,ED,0,OFF,0.0,0.0,-0.015018420000000001,33.164192671847395,11.974388123169435,1634733634.5030446,12901.899817846997,0.0,0.0
182,CRY,0,OFF,0.0,0.0,-0.015018420000000001,33.164192671847395,11.974388123169435,1634733634.5030446,12901.899817846997,0.0,0.0
183,RO,0,OFF,0.0,0.0,-0.01872695,33.164252482099734,11.974733800703083,1643715688.6227694,12972.787513310926,0.0,0.0
183,MED,0,OFF,0.0,0.0,-0.01872695,33.164252482099734,11.974733800703083,1643715688.6227694,12972.787513310926,0.0,0.0
183,ED,0,OFF,0.0,0.0,-0.01872695,33.164252482099734,11.974733800703083,1643715688.6227694,12972.787513310926,0.0,0.0
183,CRY,0,OFF,0.0,0.0,-0.01872695,33.164252482099734,11.974733800703083,1643715688.6227694,12972.787513310926,0.0,0.0
184,RO,0,OFF,0.0,0.0,-0.02792522,33.16430662110996,11.975046700896577,1652697741.5670097,13043.677061072702,0.0,0.0
184,MED,0,OFF,0.0,0.0,-0.02792522,33.16430662110996,11.975046700896577,1652697741.5670097,13043.677061072702,0.0,0.0
184,ED,0,OFF,0.0,0.0,-0.02792522,33.16430662110996,11.975046700896577,1652697741.5670097,13043.677061072702,0.0,0.0
184,CRY,0,OFF,0.0,0.0,-0.02792522,33.16430662110996,11.975046700896577,1652697741.5670097,13043.677061072702,0.0,0.0
185,RO,0,OFF,0.0,0.0,-0.039757060000000004,33.164327405272545,11.975166824416945,1661679794.059977,13114.567319938345,0.0,0.0
185,MED,0,OFF,0.0,0.0,-0.039757060000000004,33.164327405272545,11.975166824416945,1661679794.059977,13114.567319938345,0.0,0.0
185,ED,0,OFF,0.0,0.0,-0.039757060000000004,33.164327405272545,11.975166824416945,1661679794.059977,13114.567319938345,0.0,0.0
185,CRY,0,OFF,0.0,0.0,-0.039757060000000004,33.164327405272545,11.975166824416945,1661679794.059977,13114.567319938345,0.0,0.0
186,RO,0,OFF,0.0,0.0,-0.0493301,33.16433456101482,11.975208181529501,1670661846.3975763,13185.457823628672,0.0,0.0
186,MED,0,OFF,0.0,0.0,-0.0493301,33.16433456101482,11.975208181529501,1670661846.3975763,13185.457823628672,0.0,0.0
186,ED,0,OFF,0.0,0.0,-0.0493301,33.16433456101482,11.975208181529501,1670661846.3975763,13185.457823628672,0.0,0.0
186,CRY,0,OFF,0.0,0.0,-0.0493301,33.16433456101482,11.975208181529501,1670661846.3975763,13185.457823628672,0.0,0.0
187,RO,0,OFF,0.0,0.0,-0.04435095,33.1643311610829,11.97518853138535,1679643898.8089962,13256.348210994624,0.0,0.0
187,MED,0,OFF,0.0,0.0,-0.04435095,33.1643311610829,11.97518853138535,1679643898.8089962,13256.348210994624,0.0,0.0
187,ED,0,OFF,0.0,0.0,-0.04435095,33.1643311610829,11.97518853138535,1679643898.8089962,13256.348210994624,0.0,0.0
187,CRY,0,OFF,0.0,0.0,-0.04435095,33.1643311610829,11.97518853138535,1679643898.8089962,13256.348210994624,0.0,0.0
188,RO,0,OFF,0.0,0.0,-0.04023555,33.164327529760186,11.97516754390197,1688625951.2992609,13327.238474119455,0.0,0.0
188,MED,0,OFF,0.0,0.0,-0.04023555,33.164327529760186,11.97516754390197,1688625951.2992609,13327.238474119455,0.0,0.0
188,ED,0,OFF,0.0,0.0,-0.04023555,33.164327529760186,11.97516754390197,1688625951.2992609,13327.238474119455,0.0,0.0
188,CRY,0,OFF,0.0,0.0,-0.04023555,33.164327529760186,11.97516754390197,1688625951.2992609,13327.238474119455,0.0,0.0
189,RO,0,OFF,0.0,0.0,-0.037880870000000004,33.16432482113164,11.97515188919398,1697608003.848336,13398.128644571982,0.0,0.0
189,MED,0,OFF,0.0,0.0,-0.037880870000000004,33.16432482113164,11.97515188919398,1697608003.848336,13398.128644571982,0.0,0.0
189,ED,0,OFF,0.0,0.0,-0.037880870000000004,33.16432482113164,11.97515188919398,1697608003.848336,13398.128644571982,0.0,0.0
189,CRY,0,OFF,0.0,0.0,-0.037880870000000004,33.16432482113164,11.97515188919398,1697608003.848336,13398.128644571982,0.0,0.0
190,RO,0,OFF,0.0,0.0,-0.03615231,33.16432251601596,11.975138566616726,1706590056.4474607,13469.018736157886,0.0,0.0
190,MED,0,OFF,0.0,0.0,-0.03615231,33.16432251601596,11.975138566616726,1706590056.4474607,13469.018736157886,0.0,0.0
190,ED,0,OFF,0.0,0.0,-0.03615231,33.16432251601596,11.975138566616726,1706590056.4474607,13469.018736157886,0.0,0.0
190,CRY,0,OFF,0.0,0.0,-0.03615231,33.16432251601596,11.975138566616726,1706590056.4474607,13469.018736157886,0.0,0.0
191,RO,0,OFF,0.0,0.0,-0.03315776,33.16431772122702,11.975110854798995,1715572109.1506913,13539.908663696146,0.0,0.0
191,MED,0,OFF,0.0,0.0,-0.03315776,33.16431772122702,11.975110854798995,1715572109.1506913,13539.908663696146,0.0,0.0
191,ED,0,OFF,0.0,0.0,-0.03315776,33.16431772122702,11.975110854798995,1715572109.1506913,13539.908663696146,0.0,0.0
191,CRY,0,OFF,0.0,0.0,-0.03315776,33.16431772122702,11.975110854798995,1715572109.1506913,13539.908663696146,0.0,0.0
192,RO,0,OFF,0.0,0.0,-0.03202416,33.16431567396382,11.975099022498235,1724554161.898373,13610.798521189881,0.0,0.0
192,MED,0,OFF,0.0,0.0,-0.03202416,33.16431567396382,11.975099022498235,1724554161.898373,13610.798521189881,0.0,0.0
192,ED,0,OFF,0.0,0.0,-0.03202416,33.16431567396382,11.975099022498235,1724554161.898373,13610.798521189881,0.0,0.0
192,CRY,0,OFF,0.0,0.0,-0.03202416,33.16431567396382,11.975099022498235,1724554161.898373,13610.798521189881,0.0,0.0
193,RO,0,OFF,0.0,0.0,-0.0325092,33.16431689425939,11.975106075281774,1733536214.619559,13681.688420434488,0.0,0.0
193,MED,0,OFF,0.0,0.0,-0.0325092,33.16431689425939,11.975106075281774,1733536214.619559,13681.688420434488,0.0,0.0
193,ED,0,OFF,0.0,0.0,-0.0325092,33.16431689425939,11.975106075281774,1733536214.619559,13681.688420434488,0.0,0.0
193,CRY,0,OFF,0.0,0.0,-0.0325092,33.16431689425939,11.975106075281774,1733536214.619559,13681.688420434488,0.0,0.0
194,RO,0,OFF,0.0,0.0,-0.03111925,33.16431434620906,11.975091348646812,1742518267.3960693,13752.578232500771,0.0,0.0
194,MED,0,OFF,0.0,0.0,-0.03111925,33.16431434620906,11.975091348646812,1742518267.3960693,13752.578232500771,0.0,0.0
194,ED,0,OFF,0.0,0.0,-0.03111925,33.16431434620906,11.975091348646812,1742518267.3960693,13752.578232500771,0.0,0.0
194,CRY,0,OFF,0.0,0.0,-0.03111925,33.16431434620906,11.975091348646812,1742518267.3960693,13752.578232500771,0.0,0.0
195,RO,0,OFF,0.0,0.0,-0.029885549999999997,33.164311570936746,11.975075308766451,1751500320.2328372,13823.467949614618,0.0,0.0
195,MED,0,OFF,0.0,0.0,-0.029885549999999997,33.164311570936746,11.975075308766451,1751500320.2328372,13823.467949614618,0.0,0.0
195,ED,0,OFF,0.0,0.0,-0.029885549999999997,33.164311570936746,11.975075308766451,1751500320.2328372,13823.467949614618,0.0,0.0
195,CRY,0,OFF,0.0,0.0,-0.029885549999999997,33.164311570936746,11.975075308766451,1751500320.2328372,13823.467949614618,0.0,0.0
196,RO,0,OFF,0.0,0.0,-0.029985969999999997,33.1643118983363,11.975077200995056,1760482373.0624964,13894.357677930027,0.0,0.0
196,MED,0,OFF,0.0,0.0,-0.029985969999999997,33.1643118983363,11.975077200995056,1760482373.0624964,13894.357677930027,0.0,0.0
196,ED,0,OFF,0.0,0.0,-0.029985969999999997,33.1643118983363,11.975077200995056,1760482373.0624964,13894.357677930027,0.0,0.0
196,CRY,0,OFF,0.0,0.0,-0.029985969999999997,33.1643118983363,11.975077200995056,1760482373.0624964,13894.357677930027,0.0,0.0
197,RO,0,OFF,0.0,0.0,-0.03121949,33.16431479919318,11.975093966700179,1769464425.8291714,13965.24750549459,0.0,0.0
197,MED,0,OFF,0.0,0.0,-0.03121949,33.16431479919318,11.975093966700179,1769464425.8291714,13965.24750549459,0.0,0.0
197,ED,0,OFF,0.0,0.0,-0.03121949,33.16431479919318,11.975093966700179,1769464425.8291714,13965.24750549459,0.0,0.0
197,CRY,0,OFF,0.0,0.0,-0.03121949,33.16431479919318,11.975093966700179,1769464425.8291714,13965.24750549459,0.0,0.0
198,RO,0,OFF,0.0,0.0,-0.03571964,33.164322684405796,11.97513953983755,1778446478.42464,14036.137602841742,0.0,0.0
198,MED,0,OFF,0.0,0.0,-0.03571964,33.164322684405796,11.97513953983755,1778446478.42464,14036.137602841742,0.0,0.0
198,ED,0,OFF,0.0,0.0,-0.03571964,33.164322684405796,11.97513953983755,1778446478.42464,14036.137602841742,0.0,0.0
198,CRY,0,OFF,0.0,0.0,-0.03571964,33.164322684405796,11.97513953983755,1778446478.42464,14036.137602841742,0.0,0.0
199,RO,0,OFF,0.0,0.0,-0.040491309999999996,33.16432826310554,11.975171782322704,1787428530.8989818,14107.027891057058,0.0,0.0
199,MED,0,OFF,0.0,0.0,-0.040491309999999996,33.16432826310554,11.975171782322704,1787428530.8989818,14107.027891057058,0.0,0.0
199,ED,0,OFF,0.0,0.0,-0.040491309999999996,33.16432826310554,11.975171782322704,1787428530.8989818,14107.027891057058,0.0,0.0
199,CRY,0,OFF,0.0,0.0,-0.040491309999999996,33.16432826310554,11.975171782322704,1787428530.8989818,14107.027891057058,0.0,0.0
200,RO,0,OFF,0.0,0.0,-0.03914444,33.1643269771181,11.97516434986839,1796410583.4012454,14177.918135273938,0.0,0.0
200,MED,0,OFF,0.0,0.0,-0.03914444,33.1643269771181,11.97516434986839,1796410583.4012454,14177.918135273938,0.0,0.0
200,ED,0,OFF,0.0,0.0,-0.03914444,33.1643269771181,11.97516434986839,1796410583.4012454,14177.918135273938,0.0,0.0
200,CRY,0,OFF,0.0,0.0,-0.03914444,33.1643269771181,11.97516434986839,1796410583.4012454,14177.918135273938,0.0,0.0
201,RO,0,OFF,0.0,0.0,-0.0307516,33.16431407648025,11.97508978973027,1805392636.183612,14248.807938111791,0.0,0.0
201,MED,0,OFF,0.0,0.0,-0.0307516,33.16431407648025,11.97508978973027,1805392636.183612,14248.807938111791,0.0,0.0
201,ED,0,OFF,0.0,0.0,-0.0307516,33.16431407648025,11.97508978973027,1805392636.183612,14248.807938111791,0.0,0.0
201,CRY,0,OFF,0.0,0.0,-0.0307516,33.16431407648025,11.97508978973027,1805392636.183612,14248.807938111791,0.0,0.0
202,RO,0,OFF,0.0,0.0,-0.02710462,33.16430427507589,11.975033141828755,1814374689.1787903,14319.697405606976,0.0,0.0
202,MED,0,OFF,0.0,0.0,-0.02710462,33.16430427507589,11.975033141828755,1814374689.1787903,14319.697405606976,0.0,0.0
202,ED,0,OFF,0.0,0.0,-0.02710462,33.16430427507589,11.975033141828755,1814374689.1787903,14319.697405606976,0.0,0.0
202,CRY,0,OFF,0.0,0.0,-0.02710462,33.16430427507589,11.975033141828755,1814374689.1787903,14319.697405606976,0.0,0.0
203,RO,0,OFF,0.0,0.0,-0.02010352,33.16426627690062,11.974813528718972,1823356742.9989977,14390.585573042592,0.0,0.0
203,MED,0,OFF,0.0,0.0,-0.02010352,33.16426627690062,11.974813528718972,1823356742.9989977,14390.585573042592,0.0,0.0
203,ED,0,OFF,0.0,0.0,-0.02010352,33.16426627690062,11.974813528718972,1823356742.9989977,14390.585573042592,0.0,0.0
203,CRY,0,OFF,0.0,0.0,-0.02010352,33.16426627690062,11.974813528718972,1823356742.9989977,14390.585573042592,0.0,0.0
204,RO,0,OFF,0.0,0.0,-0.01669806,33.16422560534168,11.974578464601413,1832338797.7022798,14461.472348952195,0.0,0.0
204,MED,0,OFF,0.0,0.0,-0.01669806,33.16422560534168,11.974578464601413,1832338797.7022798,14461.472348952195,0.0,0.0
204,ED,0,OFF,0.0,0.0,-0.01669806,33.16422560534168,11.974578464601413,1832338797.7022798,14461.472348952195,0.0,0.0
204,CRY,0,OFF,0.0,0.0,-0.01669806,33.16422560534168,11.974578464601413,1832338797.7022798,14461.472348952195,0.0,0.0
205,RO,0,OFF,0.0,0.0,-0.01228257,33.1641024633674,11.973866756954417,1841320855.0792625,14532.354911714703,0.0,0.0
205,MED,0,OFF,0.0,0.0,-0.01228257,33.1641024633674,11.973866756954417,1841320855.0792625,14532.354911714703,0.0,0.0
205,ED,0,OFF,0.0,0.0,-0.01228257,33.1641024633674,11.973866756954417,1841320855.0792625,14532.354911714703,0.0,0.0
205,CRY,0,OFF,0.0,0.0,-0.01228257,33.1641024633674,11.973866756954417,1841320855.0792625,14532.354911714703,0.0,0.0
206,RO,0,OFF,0.0,0.0,-0.01124231,33.16404616787127,11.973541393199904,1850302913.6785522,14603.235548397923,0.0,0.0
206,MED,0,OFF,0.0,0.0,-0.01124231,33.16404616787127,11.973541393199904,1850302913.6785522,14603.235548397923,0.0,0.0
206,ED,0,OFF,0.0,0.0,-0.01124231,33.16404616787127,11.973541393199904,1850302913.6785522,14603.235548397923,0.0,0.0
206,CRY,0,OFF,0.0,0.0,-0.01124231,33.16404616787127,11.973541393199904,1850302913.6785522,14603.235548397923,0.0,0.0
207,RO,0,OFF,0.0,0.0,-0.01674873,33.164226678305155,11.974584665868823,1859284968.3585377,14674.122361017617,0.0,0.0
207,MED,0,OFF,0.0,0.0,-0.01674873,33.164226678305155,11.974584665868823,1859284968.3585377,14674.122361017617,0.0,0.0
207,ED,0,OFF,0.0,0.0,-0.01674873,33.164226678305155,11.974584665868823,1859284968.3585377,14674.122361017617,0.0,0.0
207,CRY,0,OFF,0.0,0.0,-0.01674873,33.164226678305155,11.974584665868823,1859284968.3585377,14674.122361017617,0.0,0.0
208,RO,0,OFF,0.0,0.0,-0.027928190000000002,33.164306876166364,11.975048175012901,1868267021.29724,14745.011917505824,0.0,0.0
208,MED,0,OFF,0.0,0.0,-0.027928190000000002,33.164306876166364,11.975048175012901,1868267021.29724,14745.011917505824,0.0,0.0
208,ED,0,OFF,0.0,0.0,-0.027928190000000002,33.164306876166364,11.975048175012901,1868267021.29724,14745.011917505824,0.0,0.0
208,CRY,0,OFF,0.0,0.0,-0.027928190000000002,33.164306876166364,11.975048175012901,1868267021.29724,14745.011917505824,0.0,0.0
209,RO,0,OFF,0.0,0.0,-0.03688442,33.164324293850406,11.975148841735187,1877249073.8577638,14815.902069918091,0.0,0.0
209,MED,0,OFF,0.0,0.0,-0.03688442,33.164324293850406,11.975148841735187,1877249073.8577638,14815.902069918091,0.0,0.0
209,ED,0,OFF,0.0,0.0,-0.03688442,33.164324293850406,11.975148841735187,1877249073.8577638,14815.902069918091,0.0,0.0
209,CRY,0,OFF,0.0,0.0,-0.03688442,33.164324293850406,11.975148841735187,1877249073.8577638,14815.902069918091,0.0,0.0
210,RO,0,OFF,0.0,0.0,-0.05584346,33.16433776110579,11.975226676679004,1886231126.125882,14886.792683095488,0.0,0.0
210,MED,0,OFF,0.0,0.0,-0.05584346,33.16433776110579,11.975226676679004,1886231126.125882,14886.792683095488,0.0,0.0
210,ED,0,OFF,0.0,0.0,-0.05584346,33.16433776110579,11.975226676679004,1886231126.125882,14886.792683095488,0.0,0.0
210,CRY,0,OFF,0.0,0.0,-0.05584346,33.16433776110579,11.975226676679004,1886231126.125882,14886.792683095488,0.0,0.0
211,RO,0,OFF,0.0,0.0,-0.05018641,33.16433504219963,11.975210962570774,1895213178.4530337,14957.683203248946,0.0,0.0
211,MED,0,OFF,0.0,0.0,-0.05018641,33.16433504219963,11.975210962570774,1895213178.4530337,14957.683203248946,0.0,0.0
211,ED,0,OFF,0.0,0.0,-0.05018641,33.16433504219963,11.975210962570774,1895213178.4530337,14957.683203248946,0.0,0.0
211,CRY,0,OFF,0.0,0.0,-0.05018641,33.16433504219963,11.975210962570774,1895213178.4530337,14957.683203248946,0.0,0.0
212,RO,0,OFF,0.0,0.0,-0.04318704,33.164330290042706,11.975183497147682,1904195230.883366,15028.573560813356,0.0,0.0
212,MED,0,OFF,0.0,0.0,-0.04318704,33.164330290042706,11.975183497147682,1904195230.883366,15028.573560813356,0.0,0.0
212,ED,0,OFF,0.0,0.0,-0.04318704,33.164330290042706,11.975183497147682,1904195230.883366,15028.573560813356,0.0,0.0
212,CRY,0,OFF,0.0,0.0,-0.04318704,33.164330290042706,11.975183497147682,1904195230.883366,15028.573560813356,0.0,0.0
213,RO,0,OFF,0.0,0.0,-0.04054533,33.16432783046719,11.975169281859102,1913177283.3671014,15099.463834226499,0.0,0.0
213,MED,0,OFF,0.0,0.0,-0.04054533,33.16432783046719,11.975169281859102,1913177283.3671014,15099.463834226499,0.0,0.0
213,ED,0,OFF,0.0,0.0,-0.04054533,33.16432783046719,11.975169281859102,1913177283.3671014,15099.463834226499,0.0,0.0
213,CRY,0,OFF,0.0,0.0,-0.04054533,33.16432783046719,11.975169281859102,1913177283.3671014,15099.463834226499,0.0,0.0
214,RO,0,OFF,0.0,0.0,-0.03860695,33.16432575621068,11.975157293548607,1922159335.895874,15170.354036671573,0.0,0.0
214,MED,0,OFF,0.0,0.0,-0.03860695,33.16432575621068,11.975157293548607,1922159335.895874,15170.354036671573,0.0,0.0
214,ED,0,OFF,0.0,0.0,-0.03860695,33.16432575621068,11.975157293548607,1922159335.895874,15170.354036671573,0.0,0.0
214,CRY,0,OFF,0.0,0.0,-0.03860695,33.16432575621068,11.975157293548607,1922159335.895874,15170.354036671573,0.0,0.0
215,RO,0,OFF,0.0,0.0,-0.03468367,33.16432051756276,11.975127016416776,1931141388.5383897,15241.244059882927,0.0,0.0
215,MED,0,OFF,0.0,0.0,-0.03468367,33.16432051756276,11.975127016416776,1931141388.5383897,15241.244059882927,0.0,0.0
215,ED,0,OFF,0.0,0.0,-0.03468367,33.16432051756276,11.975127016416776,1931141388.5383897,15241.244059882927,0.0,0.0
215,CRY,0,OFF,0.0,0.0,-0.03468367,33.16432051756276,11.975127016416776,1931141388.5383897,15241.244059882927,0.0,0.0
216,RO,0,OFF,0.0,0.0,-0.03317233,33.164318034151265,11.975112663366533,1940123441.234826,15312.133998127494,0.0,0.0
216,MED,0,OFF,0.0,0.0,-0.03317233,33.164318034151265,11.975112663366533,1940123441.234826,15312.133998127494,0.0,0.0
216,ED,0,OFF,0.0,0.0,-0.03317233,33.164318034151265,11.975112663366533,1940123441.234826,15312.133998127494,0.0,0.0
216,CRY,0,OFF,0.0,0.0,-0.03317233,33.164318034151265,11.975112663366533,1940123441.234826,15312.133998127494,0.0,0.0
217,RO,0,OFF,0.0,0.0,-0.03303366,33.16431804781868,11.975112742358336,1949105493.9309657,15383.023936839674,0.0,0.0
217,MED,0,OFF,0.0,0.0,-0.03303366,33.16431804781868,11.975112742358336,1949105493.9309657,15383.023936839674,0.0,0.0
217,ED,0,OFF,0.0,0.0,-0.03303366,33.16431804781868,11.975112742358336,1949105493.9309657,15383.023936839674,0.0,0.0
217,CRY,0,OFF,0.0,0.0,-0.03303366,33.16431804781868,11.975112742358336,1949105493.9309657,15383.023936839674,0.0,0.0
218,RO,0,OFF,0.0,0.0,-0.031744789999999995,33.16431581792607,11.975099854538076,1958087546.6755216,15453.913799258895,0.0,0.0
218,MED,0,OFF,0.0,0.0,-0.031744789999999995,33.16431581792607,11.975099854538076,1958087546.6755216,15453.913799258895,0.0,0.0
218,ED,0,OFF,0.0,0.0,-0.031744789999999995,33.16431581792607,11.975099854538076,1958087546.6755216,15453.913799258895,0.0,0.0
218,CRY,0,OFF,0.0,0.0,-0.031744789999999995,33.16431581792607,11.975099854538076,1958087546.6755216,15453.913799258895,0.0,0.0
219,RO,0,OFF,0.0,0.0,-0.03246576,33.16431737376791,11.975108846634745,1967069599.3862965,15524.80371490928,0.0,0.0
219,MED,0,OFF,0.0,0.0,-0.03246576,33.16431737376791,11.975108846634745,1967069599.3862965,15524.80371490928,0.0,0.0
219,ED,0,OFF,0.0,0.0,-0.03246576,33.16431737376791,11.975108846634745,1967069599.3862965,15524.80371490928,0.0,0.0
219,CRY,0,OFF,0.0,0.0,-0.03246576,33.16431737376791,11.975108846634745,1967069599.3862965,15524.80371490928,0.0,0.0
220,RO,0,OFF,0.0,0.0,-0.031886199999999996,33.164316277935306,11.975102513193644,1976051652.1208644,15595.693593067137,0.0,0.0
220,MED,0,OFF,0.0,0.0,-0.031886199999999996,33.164316277935306,11.975102513193644,1976051652.1208644,15595.693593067137,0.0,0.0
220,ED,0,OFF,0.0,0.0,-0.031886199999999996,33.164316277935306,11.975102513193644,1976051652.1208644,15595.693593067137,0.0,0.0
220,CRY,0,OFF,0.0,0.0,-0.031886199999999996,33.164316277935306,11.975102513193644,1976051652.1208644,15595.693593067137,0.0,0.0
221,RO,0,OFF,0.0,0.0,-0.03180653,33.16431621492502,11.97510214902126,1985033704.8568003,15666.583469069175,0.0,0.0
221,MED,0,OFF,0.0,0.0,-0.03180653,33.16431621492502,11.97510214902126,1985033704.8568003,15666.583469069175,0.0,0.0
221,ED,0,OFF,0.0,0.0,-0.03180653,33.16431621492502,11.97510214902126,1985033704.8568003,15666.583469069175,0.0,0.0
221,CRY,0,OFF,0.0,0.0,-0.03180653,33.16431621492502,11.97510214902126,1985033704.8568003,15666.583469069175,0.0,0.0
222,RO,0,OFF,0.0,0.0,-0.03491131,33.1643216415467,11.975133512560541,1994015757.474912,15737.47353073622,0.0,0.0
222,MED,0,OFF,0.0,0.0,-0.03491131,33.1643216415467,11.975133512560541,1994015757.474912,15737.47353073622,0.0,0.0
222,ED,0,OFF,0.0,0.0,-0.03491131,33.1643216415467,11.975133512560541,1994015757.474912,15737.47353073622,0.0,0.0
222,CRY,0,OFF,0.0,0.0,-0.03491131,33.1643216415467,11.975133512560541,1994015757.474912,15737.47353073622,0.0,0.0
223,RO,0,OFF,0.0,0.0,-0.03977754,33.16432769100757,11.97516847584247,2002997809.9616754,15808.363799377928,0.0,0.0
223,MED,0,OFF,0.0,0.0,-0.03977754,33.16432769100757,11.97516847584247,2002997809.9616754,15808.363799377928,0.0,0.0
223,ED,0,OFF,0.0,0.0,-0.03977754,33.16432769100757,11.97516847584247,2002997809.9616754,15808.363799377928,0.0,0.0
223,CRY,0,OFF,0.0,0.0,-0.03977754,33.16432769100757,11.97516847584247,2002997809.9616754,15808.363799377928,0.0,0.0
224,RO,0,OFF,0.0,0.0,-0.03540197,33.16432242546638,11.975138043279133,2011979862.562766,15879.253887865794,0.0,0.0
224,MED,0,OFF,0.0,0.0,-0.03540197,33.16432242546638,11.975138043279133,2011979862.562766,15879.253887865794,0.0,0.0
224,ED,0,OFF,0.0,0.0,-0.03540197,33.16432242546638,11.975138043279133,2011979862.562766,15879.253887865794,0.0,0.0
224,CRY,0,OFF,0.0,0.0,-0.03540197,33.16432242546638,11.975138043279133,2011979862.562766,15879.253887865794,0.0,0.0
225,RO,0,OFF,0.0,0.0,-0.02910454,33.16431023056731,11.975067562007636,2020961915.4286366,15950.143559120594,0.0,0.0
225,MED,0,OFF,0.0,0.0,-0.02910454,33.16431023056731,11.975067562007636,2020961915.4286366,15950.143559120594,0.0,0.0
225,ED,0,OFF,0.0,0.0,-0.02910454,33.16431023056731,11.975067562007636,2020961915.4286366,15950.143559120594,0.0,0.0
225,CRY,0,OFF,0.0,0.0,-0.02910454,33.16431023056731,11.975067562007636,2020961915.4286366,15950.143559120594,0.0,0.0
226,RO,0,OFF,0.0,0.0,-0.02143003,33.164276837279786,11.974874563168452,2029943969.0195534,16021.032087866242,0.0,0.0
226,MED,0,OFF,0.0,0.0,-0.02143003,33.164276837279786,11.974874563168452,2029943969.0195534,16021.032087866242,0.0,0.0
226,ED,0,OFF,0.0,0.0,-0.02143003,33.164276837279786,11.974874563168452,2029943969.0195534,16021.032087866242,0.0,0.0
226,CRY,0,OFF,0.0,0.0,-0.02143003,33.164276837279786,11.974874563168452,2029943969.0195534,16021.032087866242,0.0,0.0
227,RO,0,OFF,0.0,0.0,-0.01342227,33.164148031222005,11.974130119554935,2038926025.4071512,16091.916209675333,0.0,0.0
227,MED,0,OFF,0.0,0.0,-0.01342227,33.164148031222005,11.974130119554935,2038926025.4071512,16091.916209675333,0.0,0.0
227,ED,0,OFF,0.0,0.0,-0.01342227,33.164148031222005,11.974130119554935,2038926025.4071512,16091.916209675333,0.0,0.0
227,CRY,0,OFF,0.0,0.0,-0.01342227,33.164148031222005,11.974130119554935,2038926025.4071512,16091.916209675333,0.0,0.0
228,RO,0,OFF,0.0,0.0,-0.01114448,33.16404066196336,11.97350957142032,2047908084.125987,16162.796657980869,0.0,0.0
228,MED,0,OFF,0.0,0.0,-0.01114448,33.16404066196336,11.97350957142032,2047908084.125987,16162.796657980869,0.0,0.0
228,ED,0,OFF,0.0,0.0,-0.01114448,33.16404066196336,11.97350957142032,2047908084.125987,16162.796657980869,0.0,0.0
228,CRY,0,OFF,0.0,0.0,-0.01114448,33.16404066196336,11.97350957142032,2047908084.125987,16162.796657980869,0.0,0.0
229,RO,0,OFF,0.0,0.0,-0.00827587,33.16372156777265,11.971665344242783,2056890149.7731044,16233.66618888175,0.0,0.0
229,MED,0,OFF,0.0,0.0,-0.00827587,33.16372156777265,11.971665344242783,2056890149.7731044,16233.66618888175,0.0,0.0
229,ED,0,OFF,0.0,0.0,-0.00827587,33.16372156777265,11.971665344242783,2056890149.7731044,16233.66618888175,0.0,0.0
229,CRY,0,OFF,0.0,0.0,-0.00827587,33.16372156777265,11.971665344242783,2056890149.7731044,16233.66618888175,0.0,0.0
230,RO,0,OFF,0.0,0.0,-0.00649153,33.16320180705087,11.968661350823899,2065872226.7054436,16304.517936826102,0.0,0.0
230,MED,0,OFF,0.0,0.0,-0.00649153,33.16320180705087,11.968661350823899,2065872226.7054436,16304.517936826102,0.0,0.0
230,ED,0,OFF,0.0,0.0,-0.00649153,33.16320180705087,11.968661350823899,2065872226.7054436,16304.517936826102,0.0,0.0
230,CRY,0,OFF,0.0,0.0,-0.00649153,33.16320180705087,11.968661350823899,2065872226.7054436,16304.517936826102,0.0,0.0
231,RO,0,OFF,0.0,0.0,-0.01201922,33.16409122240325,11.973801789016433,2074854284.326494,16375.40011499322,0.0,0.0
231,MED,0,OFF,0.0,0.0,-0.01201922,33.16409122240325,11.973801789016433,2074854284.326494,16375.40011499322,0.0,0.0
231,ED,0,OFF,0.0,0.0,-0.01201922,33.16409122240325,11.973801789016433,2074854284.326494,16375.40011499322,0.0,0.0
231,CRY,0,OFF,0.0,0.0,-0.01201922,33.16409122240325,11.973801789016433,2074854284.326494,16375.40011499322,0.0,0.0
232,RO,0,OFF,0.0,0.0,-0.02587976,33.16430002655994,11.975008587233859,2083836337.4139173,16446.289437130796,0.0,0.0
232,MED,0,OFF,0.0,0.0,-0.02587976,33.16430002655994,11.975008587233859,2083836337.4139173,16446.289437130796,0.0,0.0
232,ED,0,OFF,0.0,0.0,-0.02587976,33.16430002655994,11.975008587233859,2083836337.4139173,16446.289437130796,0.0,0.0
232,CRY,0,OFF,0.0,0.0,-0.02587976,33.16430002655994,11.975008587233859,2083836337.4139173,16446.289437130796,0.0,0.0
233,RO,0,OFF,0.0,0.0,-0.03621646,33.164323375682464,11.975143535119383,2092818389.9943764,16517.179558129104,0.0,0.0
233,MED,0,OFF,0.0,0.0,-0.03621646,33.164323375682464,11.975143535119383,2092818389.9943764,16517.179558129104,0.0,0.0
233,ED,0,OFF,0.0,0.0,-0.03621646,33.164323375682464,11.975143535119383,2092818389.9943764,16517.179558129104,0.0,0.0
233,CRY,0,OFF,0.0,0.0,-0.03621646,33.164323375682464,11.975143535119383,2092818389.9943764,16517.179558129104,0.0,0.0
234,RO,0,OFF,0.0,0.0,-0.051513060000000006,33.16433581020604,11.975215401317465,2101800442.304853,16588.07010455893,0.0,0.0
234,MED,0,OFF,0.0,0.0,-0.051513060000000006,33.16433581020604,11.975215401317465,2101800442.304853,16588.07010455893,0.0,0.0
234,ED,0,OFF,0.0,0.0,-0.051513060000000006,33.16433581020604,11.975215401317465,2101800442.304853,16588.07010455893,0.0,0.0
234,CRY,0,OFF,0.0,0.0,-0.051513060000000006,33.16433581020604,11.975215401317465,2101800442.304853,16588.07010455893,0.0,0.0
235,RO,0,OFF,0.0,0.0,-0.04995297,33.16433478892484,11.975209498751413,2110782494.637504,16658.960616046912,0.0,0.0
235,MED,0,OFF,0.0,0.0,-0.04995297,33.16433478892484,11.975209498751413,2110782494.637504,16658.960616046912,0.0,0.0
235,ED,0,OFF,0.0,0.0,-0.04995297,33.16433478892484,11.975209498751413,2110782494.637504,16658.960616046912,0.0,0.0
235,CRY,0,OFF,0.0,0.0,-0.04995297,33.16433478892484,11.975209498751413,2110782494.637504,16658.960616046912,0.0,0.0
236,RO,0,OFF,0.0,0.0,-0.042457680000000005,33.16432962851093,11.97517967377855,2119764547.0821998,16729.85095097785,0.0,0.0
236,MED,0,OFF,0.0,0.0,-0.042457680000000005,33.16432962851093,11.97517967377855,2119764547.0821998,16729.85095097785,0.0,0.0
236,ED,0,OFF,0.0,0.0,-0.042457680000000005,33.16432962851093,11.97517967377855,2119764547.0821998,16729.85095097785,0.0,0.0
236,CRY,0,OFF,0.0,0.0,-0.042457680000000005,33.16432962851093,11.97517967377855,2119764547.0821998,16729.85095097785,0.0,0.0
237,RO,0,OFF,0.0,0.0,-0.04076363,33.16432796675723,11.975170069556873,2128746599.5629761,16800.741229053983,0.0,0.0
237,MED,0,OFF,0.0,0.0,-0.04076363,33.16432796675723,11.975170069556873,2128746599.5629761,16800.741229053983,0.0,0.0
237,ED,0,OFF,0.0,0.0,-0.04076363,33.16432796675723,11.975170069556873,2128746599.5629761,16800.741229053983,0.0,0.0
237,CRY,0,OFF,0.0,0.0,-0.04076363,33.16432796675723,11.975170069556873,2128746599.5629761,16800.741229053983,0.0,0.0
238,RO,0,OFF,0.0,0.0,-0.0383964,33.16432543076408,11.975155412607272,2137728652.0988147,16871.631420364316,0.0,0.0
238,MED,0,OFF,0.0,0.0,-0.0383964,33.16432543076408,11.975155412607272,2137728652.0988147,16871.631420364316,0.0,0.0
238,ED,0,OFF,0.0,0.0,-0.0383964,33.16432543076408,11.975155412607272,2137728652.0988147,16871.631420364316,0.0,0.0
238,CRY,0,OFF,0.0,0.0,-0.0383964,33.16432543076408,11.975155412607272,2137728652.0988147,16871.631420364316,0.0,0.0
239,RO,0,OFF,0.0,0.0,-0.03429363,33.16431975925899,11.975122633747167,2146710704.7577949,16942.521417631266,0.0,0.0
239,MED,0,OFF,0.0,0.0,-0.03429363,33.16431975925899,11.975122633747167,2146710704.7577949,16942.521417631266,0.0,0.0
239,ED,0,OFF,0.0,0.0,-0.03429363,33.16431975925899,11.975122633747167,2146710704.7577949,16942.521417631266,0.0,0.0
239,CRY,0,OFF,0.0,0.0,-0.03429363,33.16431975925899,11.975122633747167,2146710704.7577949,16942.521417631266,0.0,0.0
240,RO,0,OFF,0.0,0.0,-0.03251511,33.16431672903161,11.975105120336265,2155692757.4825683,17013.41131122281,0.0,0.0
240,MED,0,OFF,0.0,0.0,-0.03251511,33.16431672903161,11.975105120336265,2155692757.4825683,17013.41131122281,0.0,0.0
240,ED,0,OFF,0.0,0.0,-0.03251511,33.16431672903161,11.975105120336265,2155692757.4825683,17013.41131122281,0.0,0.0
240,CRY,0,OFF,0.0,0.0,-0.03251511,33.16431672903161,11.975105120336265,2155692757.4825683,17013.41131122281,0.0,0.0
